Analysis & Synthesis report for picorv32_quartus
Mon May 26 23:19:59 2025
Quartus Prime Version 22.1std.0 Build 915 10/25/2022 SC Lite Edition


---------------------
; Table of Contents ;
---------------------
  1. Legal Notice
  2. Analysis & Synthesis Summary
  3. Analysis & Synthesis Settings
  4. Parallel Compilation
  5. Analysis & Synthesis Source Files Read
  6. Analysis & Synthesis Resource Usage Summary
  7. Analysis & Synthesis Resource Utilization by Entity
  8. Analysis & Synthesis RAM Summary
  9. Analysis & Synthesis DSP Block Usage Summary
 10. State Machine - |DE10_SOC|picosoc_AIP:soc|ID00001001_dummy:DUMMY0|ID00001001_dummyCore:CORE|ID00001001_dummyCtrl:CNTRL|state
 11. State Machine - |DE10_SOC|picosoc_AIP:soc|picorv32:cpu|mem_wordsize
 12. State Machine - |DE10_SOC|picosoc_AIP:soc|picorv32:cpu|cpu_state
 13. Registers Removed During Synthesis
 14. Removed Registers Triggering Further Register Optimizations
 15. General Register Statistics
 16. Registers Added for RAM Pass-Through Logic
 17. Registers Packed Into Inferred Megafunctions
 18. Multiplexer Restructuring Statistics (Restructuring Performed)
 19. Source assignments for picosoc_AIP:soc|picorv32:cpu|altsyncram:cpuregs_rtl_0|altsyncram_t6d1:auto_generated
 20. Source assignments for picosoc_AIP:soc|picorv32:cpu|altsyncram:cpuregs_rtl_1|altsyncram_t6d1:auto_generated
 21. Source assignments for picosoc_AIP:soc|ID00001001_dummy:DUMMY0|ID00001001_aip:INTERFACE|ID00001001_aipModules:AIP|simple_dual_port_ram_single_clk:MEMOUT[0].MEMOUT|altsyncram:RAM_Structure_rtl_0|altsyncram_onb1:auto_generated
 22. Source assignments for picosoc_AIP:soc|ID0000200F_aip:interface_PICORV32|ID0000200F_aipModules:AIP|simple_dual_port_ram_single_clk:MEMIN[0].MEMIN|altsyncram:RAM_Structure_rtl_0|altsyncram_vfd1:auto_generated
 23. Source assignments for picosoc_AIP:soc|ID00001001_dummy:DUMMY0|ID00001001_aip:INTERFACE|ID00001001_aipModules:AIP|simple_dual_port_ram_single_clk:MEMIN[0].MEMIN|altsyncram:RAM_Structure_rtl_0|altsyncram_onb1:auto_generated
 24. Parameter Settings for User Entity Instance: Top-level Entity: |DE10_SOC
 25. Parameter Settings for User Entity Instance: ipm:IPM
 26. Parameter Settings for User Entity Instance: ipm:IPM|ipm_register:IPM_REG
 27. Parameter Settings for User Entity Instance: picosoc_AIP:soc
 28. Parameter Settings for User Entity Instance: picosoc_AIP:soc|picorv32:cpu
 29. Parameter Settings for User Entity Instance: picosoc_AIP:soc|picorv32:cpu|picorv32_pcpi_fast_mul:pcpi_mul
 30. Parameter Settings for User Entity Instance: picosoc_AIP:soc|simpleuart:simpleuart
 31. Parameter Settings for User Entity Instance: picosoc_AIP:soc|picosoc_mem:memory
 32. Parameter Settings for User Entity Instance: picosoc_AIP:soc|ID0000200F_aip:interface_PICORV32
 33. Parameter Settings for User Entity Instance: picosoc_AIP:soc|ID0000200F_aip:interface_PICORV32|ID0000200F_aipModules:AIP
 34. Parameter Settings for User Entity Instance: picosoc_AIP:soc|ID0000200F_aip:interface_PICORV32|ID0000200F_aipModules:AIP|simple_dual_port_ram_single_clk:MEMIN[0].MEMIN
 35. Parameter Settings for User Entity Instance: picosoc_AIP:soc|ID0000200F_aip:interface_PICORV32|ID0000200F_aipModules:AIP|simple_dual_port_ram_single_clk:MEMOUT[0].MEMOUT
 36. Parameter Settings for User Entity Instance: picosoc_AIP:soc|ID0000200F_aip:interface_PICORV32|ID0000200F_aipModules:AIP|aipConfigurationRegister:CONFREG
 37. Parameter Settings for User Entity Instance: picosoc_AIP:soc|ID0000200F_aip:interface_PICORV32|ID0000200F_aipModules:AIP|ID0000200F_aipCtrl:CNTRL
 38. Parameter Settings for User Entity Instance: picosoc_AIP:soc|ID0000200F_aip:interface_PICORV32|ID0000200F_aipModules:AIP|aipParametricMux:MUX
 39. Parameter Settings for User Entity Instance: picosoc_AIP:soc|ID0000200F_aip:interface_PICORV32|ID0000200F_aipModules:AIP|aipId:ID
 40. Parameter Settings for User Entity Instance: picosoc_AIP:soc|ID00001001_dummy:DUMMY0|ID00001001_aip:INTERFACE|ID00001001_aipModules:AIP|simple_dual_port_ram_single_clk:MEMIN[0].MEMIN
 41. Parameter Settings for User Entity Instance: picosoc_AIP:soc|ID00001001_dummy:DUMMY0|ID00001001_aip:INTERFACE|ID00001001_aipModules:AIP|simple_dual_port_ram_single_clk:MEMOUT[0].MEMOUT
 42. Parameter Settings for User Entity Instance: picosoc_AIP:soc|ID00001001_dummy:DUMMY0|ID00001001_aip:INTERFACE|ID00001001_aipModules:AIP|aipConfigurationRegister:CONFREG
 43. Parameter Settings for User Entity Instance: picosoc_AIP:soc|ID00001001_dummy:DUMMY0|ID00001001_aip:INTERFACE|ID00001001_aipModules:AIP|ID00001001_aipCtrl:CNTRL
 44. Parameter Settings for User Entity Instance: picosoc_AIP:soc|ID00001001_dummy:DUMMY0|ID00001001_aip:INTERFACE|ID00001001_aipModules:AIP|aipParametricMux:MUX
 45. Parameter Settings for User Entity Instance: picosoc_AIP:soc|ID00001001_dummy:DUMMY0|ID00001001_aip:INTERFACE|ID00001001_aipModules:AIP|aipId:ID
 46. Parameter Settings for User Entity Instance: picosoc_AIP:soc|ID00001001_dummy:DUMMY0|ID00001001_dummyCore:CORE
 47. Parameter Settings for User Entity Instance: picosoc_AIP:soc|ID00001001_dummy:DUMMY0|ID00001001_dummyCore:CORE|ID00001001_dummyCtrl:CNTRL
 48. Parameter Settings for Inferred Entity Instance: picosoc_AIP:soc|picorv32:cpu|altsyncram:cpuregs_rtl_0
 49. Parameter Settings for Inferred Entity Instance: picosoc_AIP:soc|picorv32:cpu|altsyncram:cpuregs_rtl_1
 50. Parameter Settings for Inferred Entity Instance: picosoc_AIP:soc|ID00001001_dummy:DUMMY0|ID00001001_aip:INTERFACE|ID00001001_aipModules:AIP|simple_dual_port_ram_single_clk:MEMOUT[0].MEMOUT|altsyncram:RAM_Structure_rtl_0
 51. Parameter Settings for Inferred Entity Instance: picosoc_AIP:soc|ID0000200F_aip:interface_PICORV32|ID0000200F_aipModules:AIP|simple_dual_port_ram_single_clk:MEMIN[0].MEMIN|altsyncram:RAM_Structure_rtl_0
 52. Parameter Settings for Inferred Entity Instance: picosoc_AIP:soc|ID00001001_dummy:DUMMY0|ID00001001_aip:INTERFACE|ID00001001_aipModules:AIP|simple_dual_port_ram_single_clk:MEMIN[0].MEMIN|altsyncram:RAM_Structure_rtl_0
 53. Parameter Settings for Inferred Entity Instance: picosoc_AIP:soc|picorv32:cpu|picorv32_pcpi_fast_mul:pcpi_mul|lpm_mult:Mult0
 54. altsyncram Parameter Settings by Entity Instance
 55. lpm_mult Parameter Settings by Entity Instance
 56. Port Connectivity Checks: "picosoc_AIP:soc|ID00001001_dummy:DUMMY0|ID00001001_dummyCore:CORE"
 57. Port Connectivity Checks: "picosoc_AIP:soc|ID00001001_dummy:DUMMY0|ID00001001_aip:INTERFACE|ID00001001_aipModules:AIP|aipParametricMux:MUX"
 58. Port Connectivity Checks: "picosoc_AIP:soc|ID00001001_dummy:DUMMY0|ID00001001_aip:INTERFACE|ID00001001_aipModules:AIP|ID00001001_aipCtrl:CNTRL"
 59. Port Connectivity Checks: "picosoc_AIP:soc|ID00001001_dummy:DUMMY0|ID00001001_aip:INTERFACE|ID00001001_aipModules:AIP|aipConfigurationRegister:CONFREG"
 60. Port Connectivity Checks: "picosoc_AIP:soc|ID00001001_dummy:DUMMY0|ID00001001_aip:INTERFACE|ID00001001_aipModules:AIP"
 61. Port Connectivity Checks: "picosoc_AIP:soc|ID00001001_dummy:DUMMY0"
 62. Port Connectivity Checks: "picosoc_AIP:soc|native_aip:CPU_to_aip0"
 63. Port Connectivity Checks: "picosoc_AIP:soc|ID0000200F_aip:interface_PICORV32|ID0000200F_aipModules:AIP|aipParametricMux:MUX"
 64. Port Connectivity Checks: "picosoc_AIP:soc|ID0000200F_aip:interface_PICORV32|ID0000200F_aipModules:AIP|ID0000200F_aipCtrl:CNTRL"
 65. Port Connectivity Checks: "picosoc_AIP:soc|ID0000200F_aip:interface_PICORV32|ID0000200F_aipModules:AIP|aipConfigurationRegister:CONFREG"
 66. Port Connectivity Checks: "picosoc_AIP:soc|ID0000200F_aip:interface_PICORV32|ID0000200F_aipModules:AIP"
 67. Port Connectivity Checks: "picosoc_AIP:soc|ID0000200F_aip:interface_PICORV32"
 68. Port Connectivity Checks: "picosoc_AIP:soc|picorv32:cpu"
 69. Port Connectivity Checks: "picosoc_AIP:soc"
 70. Post-Synthesis Netlist Statistics for Top Partition
 71. Elapsed Time Per Partition
 72. Analysis & Synthesis Messages
 73. Analysis & Synthesis Suppressed Messages



----------------
; Legal Notice ;
----------------
Copyright (C) 2022  Intel Corporation. All rights reserved.
Your use of Intel Corporation's design tools, logic functions 
and other software and tools, and any partner logic 
functions, and any output files from any of the foregoing 
(including device programming or simulation files), and any 
associated documentation or information are expressly subject 
to the terms and conditions of the Intel Program License 
Subscription Agreement, the Intel Quartus Prime License Agreement,
the Intel FPGA IP License Agreement, or other applicable license
agreement, including, without limitation, that your use is for
the sole purpose of programming logic devices manufactured by
Intel and sold by Intel or its authorized distributors.  Please
refer to the applicable agreement for further details, at
https://fpgasoftware.intel.com/eula.



+-------------------------------------------------------------------------------------+
; Analysis & Synthesis Summary                                                        ;
+------------------------------------+------------------------------------------------+
; Analysis & Synthesis Status        ; Successful - Mon May 26 23:19:57 2025          ;
; Quartus Prime Version              ; 22.1std.0 Build 915 10/25/2022 SC Lite Edition ;
; Revision Name                      ; picorv32_quartus                               ;
; Top-level Entity Name              ; DE10_SOC                                       ;
; Family                             ; MAX 10                                         ;
; Total logic elements               ; 62,585                                         ;
;     Total combinational functions  ; 29,320                                         ;
;     Dedicated logic registers      ; 34,348                                         ;
; Total registers                    ; 34348                                          ;
; Total pins                         ; 28                                             ;
; Total virtual pins                 ; 0                                              ;
; Total memory bits                  ; 71,936                                         ;
; Embedded Multiplier 9-bit elements ; 8                                              ;
; Total PLLs                         ; 0                                              ;
; UFM blocks                         ; 0                                              ;
; ADC blocks                         ; 0                                              ;
+------------------------------------+------------------------------------------------+


+------------------------------------------------------------------------------------------------------------+
; Analysis & Synthesis Settings                                                                              ;
+------------------------------------------------------------------+--------------------+--------------------+
; Option                                                           ; Setting            ; Default Value      ;
+------------------------------------------------------------------+--------------------+--------------------+
; Device                                                           ; 10M50DAF484C7G     ;                    ;
; Top-level entity name                                            ; DE10_SOC           ; picorv32_quartus   ;
; Family name                                                      ; MAX 10             ; Cyclone V          ;
; Verilog Show LMF Mapping Messages                                ; Off                ;                    ;
; Use smart compilation                                            ; Off                ; Off                ;
; Enable parallel Assembler and Timing Analyzer during compilation ; On                 ; On                 ;
; Enable compact report table                                      ; Off                ; Off                ;
; Restructure Multiplexers                                         ; Auto               ; Auto               ;
; Create Debugging Nodes for IP Cores                              ; Off                ; Off                ;
; Preserve fewer node names                                        ; On                 ; On                 ;
; Intel FPGA IP Evaluation Mode                                    ; Enable             ; Enable             ;
; Verilog Version                                                  ; Verilog_2001       ; Verilog_2001       ;
; VHDL Version                                                     ; VHDL_1993          ; VHDL_1993          ;
; State Machine Processing                                         ; Auto               ; Auto               ;
; Safe State Machine                                               ; Off                ; Off                ;
; Extract Verilog State Machines                                   ; On                 ; On                 ;
; Extract VHDL State Machines                                      ; On                 ; On                 ;
; Ignore Verilog initial constructs                                ; Off                ; Off                ;
; Iteration limit for constant Verilog loops                       ; 5000               ; 5000               ;
; Iteration limit for non-constant Verilog loops                   ; 250                ; 250                ;
; Add Pass-Through Logic to Inferred RAMs                          ; On                 ; On                 ;
; Infer RAMs from Raw Logic                                        ; On                 ; On                 ;
; Parallel Synthesis                                               ; On                 ; On                 ;
; DSP Block Balancing                                              ; Auto               ; Auto               ;
; NOT Gate Push-Back                                               ; On                 ; On                 ;
; Power-Up Don't Care                                              ; On                 ; On                 ;
; Remove Redundant Logic Cells                                     ; Off                ; Off                ;
; Remove Duplicate Registers                                       ; On                 ; On                 ;
; Ignore CARRY Buffers                                             ; Off                ; Off                ;
; Ignore CASCADE Buffers                                           ; Off                ; Off                ;
; Ignore GLOBAL Buffers                                            ; Off                ; Off                ;
; Ignore ROW GLOBAL Buffers                                        ; Off                ; Off                ;
; Ignore LCELL Buffers                                             ; Off                ; Off                ;
; Ignore SOFT Buffers                                              ; On                 ; On                 ;
; Limit AHDL Integers to 32 Bits                                   ; Off                ; Off                ;
; Optimization Technique                                           ; Balanced           ; Balanced           ;
; Carry Chain Length                                               ; 70                 ; 70                 ;
; Auto Carry Chains                                                ; On                 ; On                 ;
; Auto Open-Drain Pins                                             ; On                 ; On                 ;
; Perform WYSIWYG Primitive Resynthesis                            ; Off                ; Off                ;
; Auto ROM Replacement                                             ; On                 ; On                 ;
; Auto RAM Replacement                                             ; On                 ; On                 ;
; Auto DSP Block Replacement                                       ; On                 ; On                 ;
; Auto Shift Register Replacement                                  ; Auto               ; Auto               ;
; Allow Shift Register Merging across Hierarchies                  ; Auto               ; Auto               ;
; Auto Clock Enable Replacement                                    ; On                 ; On                 ;
; Strict RAM Replacement                                           ; Off                ; Off                ;
; Allow Synchronous Control Signals                                ; On                 ; On                 ;
; Force Use of Synchronous Clear Signals                           ; Off                ; Off                ;
; Auto RAM Block Balancing                                         ; On                 ; On                 ;
; Auto RAM to Logic Cell Conversion                                ; Off                ; Off                ;
; Auto Resource Sharing                                            ; Off                ; Off                ;
; Allow Any RAM Size For Recognition                               ; Off                ; Off                ;
; Allow Any ROM Size For Recognition                               ; Off                ; Off                ;
; Allow Any Shift Register Size For Recognition                    ; Off                ; Off                ;
; Use LogicLock Constraints during Resource Balancing              ; On                 ; On                 ;
; Ignore translate_off and synthesis_off directives                ; Off                ; Off                ;
; Timing-Driven Synthesis                                          ; On                 ; On                 ;
; Report Parameter Settings                                        ; On                 ; On                 ;
; Report Source Assignments                                        ; On                 ; On                 ;
; Report Connectivity Checks                                       ; On                 ; On                 ;
; Ignore Maximum Fan-Out Assignments                               ; Off                ; Off                ;
; Synchronization Register Chain Length                            ; 2                  ; 2                  ;
; Power Optimization During Synthesis                              ; Normal compilation ; Normal compilation ;
; HDL message level                                                ; Level2             ; Level2             ;
; Suppress Register Optimization Related Messages                  ; Off                ; Off                ;
; Number of Removed Registers Reported in Synthesis Report         ; 5000               ; 5000               ;
; Number of Swept Nodes Reported in Synthesis Report               ; 5000               ; 5000               ;
; Number of Inverted Registers Reported in Synthesis Report        ; 100                ; 100                ;
; Clock MUX Protection                                             ; On                 ; On                 ;
; Auto Gated Clock Conversion                                      ; Off                ; Off                ;
; Block Design Naming                                              ; Auto               ; Auto               ;
; SDC constraint protection                                        ; Off                ; Off                ;
; Synthesis Effort                                                 ; Auto               ; Auto               ;
; Shift Register Replacement - Allow Asynchronous Clear Signal     ; On                 ; On                 ;
; Pre-Mapping Resynthesis Optimization                             ; Off                ; Off                ;
; Analysis & Synthesis Message Level                               ; Medium             ; Medium             ;
; Disable Register Merging Across Hierarchies                      ; Auto               ; Auto               ;
; Resource Aware Inference For Block RAM                           ; On                 ; On                 ;
+------------------------------------------------------------------+--------------------+--------------------+


+------------------------------------------+
; Parallel Compilation                     ;
+----------------------------+-------------+
; Processors                 ; Number      ;
+----------------------------+-------------+
; Number detected on machine ; 4           ;
; Maximum allowed            ; 4           ;
;                            ;             ;
; Average used               ; 1.01        ;
; Maximum used               ; 4           ;
;                            ;             ;
; Usage by Processor         ; % Time Used ;
;     Processor 1            ; 100.0%      ;
;     Processor 2            ;   0.5%      ;
;     Processor 3            ;   0.5%      ;
;     Processor 4            ;   0.4%      ;
+----------------------------+-------------+


+-------------------------------------------------------------------------------------------------------------------------------------------------------------------------------------------------------------------------+
; Analysis & Synthesis Source Files Read                                                                                                                                                                                  ;
+----------------------------------------------------------------+-----------------+------------------------------+---------------------------------------------------------------------------------------------+---------+
; File Name with User-Entered Path                               ; Used in Netlist ; File Type                    ; File Name with Absolute Path                                                                ; Library ;
+----------------------------------------------------------------+-----------------+------------------------------+---------------------------------------------------------------------------------------------+---------+
; ../mods/00001001/hdl/src/ID00001001_dummyCtrl.v                ; yes             ; User Verilog HDL File        ; /home/tonix/Documents/picoRV-32/mods/00001001/hdl/src/ID00001001_dummyCtrl.v                ;         ;
; ../mods/00001001/hdl/src/ID00001001_dummyCore.v                ; yes             ; User Verilog HDL File        ; /home/tonix/Documents/picoRV-32/mods/00001001/hdl/src/ID00001001_dummyCore.v                ;         ;
; ../mods/00001001/hdl/src/ID00001001_dummy.v                    ; yes             ; User Verilog HDL File        ; /home/tonix/Documents/picoRV-32/mods/00001001/hdl/src/ID00001001_dummy.v                    ;         ;
; ../mods/00001001/hdl/src/ID00001001_aip.v                      ; yes             ; User Verilog HDL File        ; /home/tonix/Documents/picoRV-32/mods/00001001/hdl/src/ID00001001_aip.v                      ;         ;
; ../picosoc/DE10_SOC.v                                          ; yes             ; User Verilog HDL File        ; /home/tonix/Documents/picoRV-32/picosoc/DE10_SOC.v                                          ;         ;
; ../mods/basicblocks/ipm/ipm.v                                  ; yes             ; User Verilog HDL File        ; /home/tonix/Documents/picoRV-32/mods/basicblocks/ipm/ipm.v                                  ;         ;
; ../mods/basicblocks/ipm/ipm_register.v                         ; yes             ; User Verilog HDL File        ; /home/tonix/Documents/picoRV-32/mods/basicblocks/ipm/ipm_register.v                         ;         ;
; ../picosoc/ID0000200F_aip.v                                    ; yes             ; User Verilog HDL File        ; /home/tonix/Documents/picoRV-32/picosoc/ID0000200F_aip.v                                    ;         ;
; ../picosoc/simpleuart.v                                        ; yes             ; User Verilog HDL File        ; /home/tonix/Documents/picoRV-32/picosoc/simpleuart.v                                        ;         ;
; ../mods/basicblocks/memories/simple_dual_port_ram_single_clk.v ; yes             ; User Verilog HDL File        ; /home/tonix/Documents/picoRV-32/mods/basicblocks/memories/simple_dual_port_ram_single_clk.v ;         ;
; ../mods/basicblocks/aip/aipModules.v                           ; yes             ; User Verilog HDL File        ; /home/tonix/Documents/picoRV-32/mods/basicblocks/aip/aipModules.v                           ;         ;
; ../picosoc/picosoc_AIP.v                                       ; yes             ; User Verilog HDL File        ; /home/tonix/Documents/picoRV-32/picosoc/picosoc_AIP.v                                       ;         ;
; ../picosoc/picorv32m.v                                         ; yes             ; User Verilog HDL File        ; /home/tonix/Documents/picoRV-32/picosoc/picorv32m.v                                         ;         ;
; ../picosoc/native_aip.v                                        ; yes             ; User Verilog HDL File        ; /home/tonix/Documents/picoRV-32/picosoc/native_aip.v                                        ;         ;
; altera_out.txt                                                 ; yes             ; Auto-Generated Megafunction  ; altera_out.txt                                                                              ;         ;
; altsyncram.tdf                                                 ; yes             ; Megafunction                 ; /home/tonix/intelFPGA_lite/22.1std/quartus/libraries/megafunctions/altsyncram.tdf           ;         ;
; stratix_ram_block.inc                                          ; yes             ; Megafunction                 ; /home/tonix/intelFPGA_lite/22.1std/quartus/libraries/megafunctions/stratix_ram_block.inc    ;         ;
; lpm_mux.inc                                                    ; yes             ; Megafunction                 ; /home/tonix/intelFPGA_lite/22.1std/quartus/libraries/megafunctions/lpm_mux.inc              ;         ;
; lpm_decode.inc                                                 ; yes             ; Megafunction                 ; /home/tonix/intelFPGA_lite/22.1std/quartus/libraries/megafunctions/lpm_decode.inc           ;         ;
; aglobal221.inc                                                 ; yes             ; Megafunction                 ; /home/tonix/intelFPGA_lite/22.1std/quartus/libraries/megafunctions/aglobal221.inc           ;         ;
; a_rdenreg.inc                                                  ; yes             ; Megafunction                 ; /home/tonix/intelFPGA_lite/22.1std/quartus/libraries/megafunctions/a_rdenreg.inc            ;         ;
; altrom.inc                                                     ; yes             ; Megafunction                 ; /home/tonix/intelFPGA_lite/22.1std/quartus/libraries/megafunctions/altrom.inc               ;         ;
; altram.inc                                                     ; yes             ; Megafunction                 ; /home/tonix/intelFPGA_lite/22.1std/quartus/libraries/megafunctions/altram.inc               ;         ;
; altdpram.inc                                                   ; yes             ; Megafunction                 ; /home/tonix/intelFPGA_lite/22.1std/quartus/libraries/megafunctions/altdpram.inc             ;         ;
; db/altsyncram_t6d1.tdf                                         ; yes             ; Auto-Generated Megafunction  ; /home/tonix/Documents/picoRV-32/picosoc_AIP/db/altsyncram_t6d1.tdf                          ;         ;
; db/altsyncram_onb1.tdf                                         ; yes             ; Auto-Generated Megafunction  ; /home/tonix/Documents/picoRV-32/picosoc_AIP/db/altsyncram_onb1.tdf                          ;         ;
; db/altsyncram_vfd1.tdf                                         ; yes             ; Auto-Generated Megafunction  ; /home/tonix/Documents/picoRV-32/picosoc_AIP/db/altsyncram_vfd1.tdf                          ;         ;
; lpm_mult.tdf                                                   ; yes             ; Megafunction                 ; /home/tonix/intelFPGA_lite/22.1std/quartus/libraries/megafunctions/lpm_mult.tdf             ;         ;
; lpm_add_sub.inc                                                ; yes             ; Megafunction                 ; /home/tonix/intelFPGA_lite/22.1std/quartus/libraries/megafunctions/lpm_add_sub.inc          ;         ;
; multcore.inc                                                   ; yes             ; Megafunction                 ; /home/tonix/intelFPGA_lite/22.1std/quartus/libraries/megafunctions/multcore.inc             ;         ;
; bypassff.inc                                                   ; yes             ; Megafunction                 ; /home/tonix/intelFPGA_lite/22.1std/quartus/libraries/megafunctions/bypassff.inc             ;         ;
; altshift.inc                                                   ; yes             ; Megafunction                 ; /home/tonix/intelFPGA_lite/22.1std/quartus/libraries/megafunctions/altshift.inc             ;         ;
; db/mult_ugs.tdf                                                ; yes             ; Auto-Generated Megafunction  ; /home/tonix/Documents/picoRV-32/picosoc_AIP/db/mult_ugs.tdf                                 ;         ;
+----------------------------------------------------------------+-----------------+------------------------------+---------------------------------------------------------------------------------------------+---------+


+---------------------------------------------------------+
; Analysis & Synthesis Resource Usage Summary             ;
+---------------------------------------------+-----------+
; Resource                                    ; Usage     ;
+---------------------------------------------+-----------+
; Estimated Total logic elements              ; 62,585    ;
;                                             ;           ;
; Total combinational functions               ; 29320     ;
; Logic element usage by number of LUT inputs ;           ;
;     -- 4 input functions                    ; 27786     ;
;     -- 3 input functions                    ; 967       ;
;     -- <=2 input functions                  ; 567       ;
;                                             ;           ;
; Logic elements by mode                      ;           ;
;     -- normal mode                          ; 28600     ;
;     -- arithmetic mode                      ; 720       ;
;                                             ;           ;
; Total registers                             ; 34348     ;
;     -- Dedicated logic registers            ; 34348     ;
;     -- I/O registers                        ; 0         ;
;                                             ;           ;
; I/O pins                                    ; 28        ;
; Total memory bits                           ; 71936     ;
;                                             ;           ;
; Embedded Multiplier 9-bit elements          ; 8         ;
;                                             ;           ;
; Maximum fan-out node                        ; clk~input ;
; Maximum fan-out                             ; 34508     ;
; Total fan-out                               ; 221417    ;
; Average fan-out                             ; 3.47      ;
+---------------------------------------------+-----------+


+-----------------------------------------------------------------------------------------------------------------------------------------------------------------------------------------------------------------------------------------------------------------------------------------------------------------------------------------------------------------------------------------------------------------------------------------------------------------------------------------------+
; Analysis & Synthesis Resource Utilization by Entity                                                                                                                                                                                                                                                                                                                                                                                                                                           ;
+-------------------------------------------------------------------+---------------------+---------------------------+-------------+------------+--------------+---------+-----------+------+--------------+------------+---------------------------------------------------------------------------------------------------------------------------------------------------------------------------------------------------------------------+---------------------------------+--------------+
; Compilation Hierarchy Node                                        ; Combinational ALUTs ; Dedicated Logic Registers ; Memory Bits ; UFM Blocks ; DSP Elements ; DSP 9x9 ; DSP 18x18 ; Pins ; Virtual Pins ; ADC blocks ; Full Hierarchy Name                                                                                                                                                                                                 ; Entity Name                     ; Library Name ;
+-------------------------------------------------------------------+---------------------+---------------------------+-------------+------------+--------------+---------+-----------+------+--------------+------------+---------------------------------------------------------------------------------------------------------------------------------------------------------------------------------------------------------------------+---------------------------------+--------------+
; |DE10_SOC                                                         ; 29320 (17)          ; 34348 (65)                ; 71936       ; 0          ; 8            ; 0       ; 4         ; 28   ; 0            ; 0          ; |DE10_SOC                                                                                                                                                                                                           ; DE10_SOC                        ; work         ;
;    |ipm:IPM|                                                      ; 30 (1)              ; 57 (0)                    ; 0           ; 0          ; 0            ; 0       ; 0         ; 0    ; 0            ; 0          ; |DE10_SOC|ipm:IPM                                                                                                                                                                                                   ; ipm                             ; work         ;
;       |ipm_register:IPM_REG|                                      ; 29 (29)             ; 57 (57)                   ; 0           ; 0          ; 0            ; 0       ; 0         ; 0    ; 0            ; 0          ; |DE10_SOC|ipm:IPM|ipm_register:IPM_REG                                                                                                                                                                              ; ipm_register                    ; work         ;
;    |picosoc_AIP:soc|                                              ; 29273 (210)         ; 34226 (2)                 ; 71936       ; 0          ; 8            ; 0       ; 4         ; 0    ; 0            ; 0          ; |DE10_SOC|picosoc_AIP:soc                                                                                                                                                                                           ; picosoc_AIP                     ; work         ;
;       |ID00001001_dummy:DUMMY0|                                   ; 167 (0)             ; 211 (0)                   ; 4096        ; 0          ; 0            ; 0       ; 0         ; 0    ; 0            ; 0          ; |DE10_SOC|picosoc_AIP:soc|ID00001001_dummy:DUMMY0                                                                                                                                                                   ; ID00001001_dummy                ; work         ;
;          |ID00001001_aip:INTERFACE|                               ; 71 (0)              ; 147 (0)                   ; 4096        ; 0          ; 0            ; 0       ; 0         ; 0    ; 0            ; 0          ; |DE10_SOC|picosoc_AIP:soc|ID00001001_dummy:DUMMY0|ID00001001_aip:INTERFACE                                                                                                                                          ; ID00001001_aip                  ; work         ;
;             |ID00001001_aipModules:AIP|                           ; 71 (0)              ; 147 (0)                   ; 4096        ; 0          ; 0            ; 0       ; 0         ; 0    ; 0            ; 0          ; |DE10_SOC|picosoc_AIP:soc|ID00001001_dummy:DUMMY0|ID00001001_aip:INTERFACE|ID00001001_aipModules:AIP                                                                                                                ; ID00001001_aipModules           ; work         ;
;                |ID00001001_aipCtrl:CNTRL|                         ; 28 (28)             ; 15 (15)                   ; 0           ; 0          ; 0            ; 0       ; 0         ; 0    ; 0            ; 0          ; |DE10_SOC|picosoc_AIP:soc|ID00001001_dummy:DUMMY0|ID00001001_aip:INTERFACE|ID00001001_aipModules:AIP|ID00001001_aipCtrl:CNTRL                                                                                       ; ID00001001_aipCtrl              ; work         ;
;                |aipConfigurationRegister:CONFREG|                 ; 2 (2)               ; 32 (32)                   ; 0           ; 0          ; 0            ; 0       ; 0         ; 0    ; 0            ; 0          ; |DE10_SOC|picosoc_AIP:soc|ID00001001_dummy:DUMMY0|ID00001001_aip:INTERFACE|ID00001001_aipModules:AIP|aipConfigurationRegister:CONFREG                                                                               ; aipConfigurationRegister        ; work         ;
;                |aipStatus:STATUS|                                 ; 1 (1)               ; 10 (10)                   ; 0           ; 0          ; 0            ; 0       ; 0         ; 0    ; 0            ; 0          ; |DE10_SOC|picosoc_AIP:soc|ID00001001_dummy:DUMMY0|ID00001001_aip:INTERFACE|ID00001001_aipModules:AIP|aipStatus:STATUS                                                                                               ; aipStatus                       ; work         ;
;                |simple_dual_port_ram_single_clk:MEMIN[0].MEMIN|   ; 36 (36)             ; 45 (45)                   ; 2048        ; 0          ; 0            ; 0       ; 0         ; 0    ; 0            ; 0          ; |DE10_SOC|picosoc_AIP:soc|ID00001001_dummy:DUMMY0|ID00001001_aip:INTERFACE|ID00001001_aipModules:AIP|simple_dual_port_ram_single_clk:MEMIN[0].MEMIN                                                                 ; simple_dual_port_ram_single_clk ; work         ;
;                   |altsyncram:RAM_Structure_rtl_0|                ; 0 (0)               ; 0 (0)                     ; 2048        ; 0          ; 0            ; 0       ; 0         ; 0    ; 0            ; 0          ; |DE10_SOC|picosoc_AIP:soc|ID00001001_dummy:DUMMY0|ID00001001_aip:INTERFACE|ID00001001_aipModules:AIP|simple_dual_port_ram_single_clk:MEMIN[0].MEMIN|altsyncram:RAM_Structure_rtl_0                                  ; altsyncram                      ; work         ;
;                      |altsyncram_onb1:auto_generated|             ; 0 (0)               ; 0 (0)                     ; 2048        ; 0          ; 0            ; 0       ; 0         ; 0    ; 0            ; 0          ; |DE10_SOC|picosoc_AIP:soc|ID00001001_dummy:DUMMY0|ID00001001_aip:INTERFACE|ID00001001_aipModules:AIP|simple_dual_port_ram_single_clk:MEMIN[0].MEMIN|altsyncram:RAM_Structure_rtl_0|altsyncram_onb1:auto_generated   ; altsyncram_onb1                 ; work         ;
;                |simple_dual_port_ram_single_clk:MEMOUT[0].MEMOUT| ; 4 (4)               ; 45 (45)                   ; 2048        ; 0          ; 0            ; 0       ; 0         ; 0    ; 0            ; 0          ; |DE10_SOC|picosoc_AIP:soc|ID00001001_dummy:DUMMY0|ID00001001_aip:INTERFACE|ID00001001_aipModules:AIP|simple_dual_port_ram_single_clk:MEMOUT[0].MEMOUT                                                               ; simple_dual_port_ram_single_clk ; work         ;
;                   |altsyncram:RAM_Structure_rtl_0|                ; 0 (0)               ; 0 (0)                     ; 2048        ; 0          ; 0            ; 0       ; 0         ; 0    ; 0            ; 0          ; |DE10_SOC|picosoc_AIP:soc|ID00001001_dummy:DUMMY0|ID00001001_aip:INTERFACE|ID00001001_aipModules:AIP|simple_dual_port_ram_single_clk:MEMOUT[0].MEMOUT|altsyncram:RAM_Structure_rtl_0                                ; altsyncram                      ; work         ;
;                      |altsyncram_onb1:auto_generated|             ; 0 (0)               ; 0 (0)                     ; 2048        ; 0          ; 0            ; 0       ; 0         ; 0    ; 0            ; 0          ; |DE10_SOC|picosoc_AIP:soc|ID00001001_dummy:DUMMY0|ID00001001_aip:INTERFACE|ID00001001_aipModules:AIP|simple_dual_port_ram_single_clk:MEMOUT[0].MEMOUT|altsyncram:RAM_Structure_rtl_0|altsyncram_onb1:auto_generated ; altsyncram_onb1                 ; work         ;
;          |ID00001001_dummyCore:CORE|                              ; 96 (0)              ; 64 (0)                    ; 0           ; 0          ; 0            ; 0       ; 0         ; 0    ; 0            ; 0          ; |DE10_SOC|picosoc_AIP:soc|ID00001001_dummy:DUMMY0|ID00001001_dummyCore:CORE                                                                                                                                         ; ID00001001_dummyCore            ; work         ;
;             |ID00001001_dummyCtrl:CNTRL|                          ; 96 (96)             ; 64 (64)                   ; 0           ; 0          ; 0            ; 0       ; 0         ; 0    ; 0            ; 0          ; |DE10_SOC|picosoc_AIP:soc|ID00001001_dummy:DUMMY0|ID00001001_dummyCore:CORE|ID00001001_dummyCtrl:CNTRL                                                                                                              ; ID00001001_dummyCtrl            ; work         ;
;       |ID0000200F_aip:interface_PICORV32|                         ; 83 (0)              ; 121 (0)                   ; 65536       ; 0          ; 0            ; 0       ; 0         ; 0    ; 0            ; 0          ; |DE10_SOC|picosoc_AIP:soc|ID0000200F_aip:interface_PICORV32                                                                                                                                                         ; ID0000200F_aip                  ; work         ;
;          |ID0000200F_aipModules:AIP|                              ; 83 (0)              ; 121 (0)                   ; 65536       ; 0          ; 0            ; 0       ; 0         ; 0    ; 0            ; 0          ; |DE10_SOC|picosoc_AIP:soc|ID0000200F_aip:interface_PICORV32|ID0000200F_aipModules:AIP                                                                                                                               ; ID0000200F_aipModules           ; work         ;
;             |ID0000200F_aipCtrl:CNTRL|                            ; 24 (24)             ; 14 (14)                   ; 0           ; 0          ; 0            ; 0       ; 0         ; 0    ; 0            ; 0          ; |DE10_SOC|picosoc_AIP:soc|ID0000200F_aip:interface_PICORV32|ID0000200F_aipModules:AIP|ID0000200F_aipCtrl:CNTRL                                                                                                      ; ID0000200F_aipCtrl              ; work         ;
;             |aipConfigurationRegister:CONFREG|                    ; 2 (2)               ; 1 (1)                     ; 0           ; 0          ; 0            ; 0       ; 0         ; 0    ; 0            ; 0          ; |DE10_SOC|picosoc_AIP:soc|ID0000200F_aip:interface_PICORV32|ID0000200F_aipModules:AIP|aipConfigurationRegister:CONFREG                                                                                              ; aipConfigurationRegister        ; work         ;
;             |aipParametricMux:MUX|                                ; 9 (9)               ; 0 (0)                     ; 0           ; 0          ; 0            ; 0       ; 0         ; 0    ; 0            ; 0          ; |DE10_SOC|picosoc_AIP:soc|ID0000200F_aip:interface_PICORV32|ID0000200F_aipModules:AIP|aipParametricMux:MUX                                                                                                          ; aipParametricMux                ; work         ;
;             |aipStatus:STATUS|                                    ; 0 (0)               ; 8 (8)                     ; 0           ; 0          ; 0            ; 0       ; 0         ; 0    ; 0            ; 0          ; |DE10_SOC|picosoc_AIP:soc|ID0000200F_aip:interface_PICORV32|ID0000200F_aipModules:AIP|aipStatus:STATUS                                                                                                              ; aipStatus                       ; work         ;
;             |simple_dual_port_ram_single_clk:MEMIN[0].MEMIN|      ; 48 (48)             ; 98 (98)                   ; 65536       ; 0          ; 0            ; 0       ; 0         ; 0    ; 0            ; 0          ; |DE10_SOC|picosoc_AIP:soc|ID0000200F_aip:interface_PICORV32|ID0000200F_aipModules:AIP|simple_dual_port_ram_single_clk:MEMIN[0].MEMIN                                                                                ; simple_dual_port_ram_single_clk ; work         ;
;                |altsyncram:RAM_Structure_rtl_0|                   ; 0 (0)               ; 0 (0)                     ; 65536       ; 0          ; 0            ; 0       ; 0         ; 0    ; 0            ; 0          ; |DE10_SOC|picosoc_AIP:soc|ID0000200F_aip:interface_PICORV32|ID0000200F_aipModules:AIP|simple_dual_port_ram_single_clk:MEMIN[0].MEMIN|altsyncram:RAM_Structure_rtl_0                                                 ; altsyncram                      ; work         ;
;                   |altsyncram_vfd1:auto_generated|                ; 0 (0)               ; 0 (0)                     ; 65536       ; 0          ; 0            ; 0       ; 0         ; 0    ; 0            ; 0          ; |DE10_SOC|picosoc_AIP:soc|ID0000200F_aip:interface_PICORV32|ID0000200F_aipModules:AIP|simple_dual_port_ram_single_clk:MEMIN[0].MEMIN|altsyncram:RAM_Structure_rtl_0|altsyncram_vfd1:auto_generated                  ; altsyncram_vfd1                 ; work         ;
;       |native_aip:CPU_to_aip0|                                    ; 4 (4)               ; 39 (39)                   ; 0           ; 0          ; 0            ; 0       ; 0         ; 0    ; 0            ; 0          ; |DE10_SOC|picosoc_AIP:soc|native_aip:CPU_to_aip0                                                                                                                                                                    ; native_aip                      ; work         ;
;       |picorv32:cpu|                                              ; 2575 (2470)         ; 922 (789)                 ; 2304        ; 0          ; 8            ; 0       ; 4         ; 0    ; 0            ; 0          ; |DE10_SOC|picosoc_AIP:soc|picorv32:cpu                                                                                                                                                                              ; picorv32                        ; work         ;
;          |altsyncram:cpuregs_rtl_0|                               ; 0 (0)               ; 0 (0)                     ; 1152        ; 0          ; 0            ; 0       ; 0         ; 0    ; 0            ; 0          ; |DE10_SOC|picosoc_AIP:soc|picorv32:cpu|altsyncram:cpuregs_rtl_0                                                                                                                                                     ; altsyncram                      ; work         ;
;             |altsyncram_t6d1:auto_generated|                      ; 0 (0)               ; 0 (0)                     ; 1152        ; 0          ; 0            ; 0       ; 0         ; 0    ; 0            ; 0          ; |DE10_SOC|picosoc_AIP:soc|picorv32:cpu|altsyncram:cpuregs_rtl_0|altsyncram_t6d1:auto_generated                                                                                                                      ; altsyncram_t6d1                 ; work         ;
;          |altsyncram:cpuregs_rtl_1|                               ; 0 (0)               ; 0 (0)                     ; 1152        ; 0          ; 0            ; 0       ; 0         ; 0    ; 0            ; 0          ; |DE10_SOC|picosoc_AIP:soc|picorv32:cpu|altsyncram:cpuregs_rtl_1                                                                                                                                                     ; altsyncram                      ; work         ;
;             |altsyncram_t6d1:auto_generated|                      ; 0 (0)               ; 0 (0)                     ; 1152        ; 0          ; 0            ; 0       ; 0         ; 0    ; 0            ; 0          ; |DE10_SOC|picosoc_AIP:soc|picorv32:cpu|altsyncram:cpuregs_rtl_1|altsyncram_t6d1:auto_generated                                                                                                                      ; altsyncram_t6d1                 ; work         ;
;          |picorv32_pcpi_fast_mul:pcpi_mul|                        ; 105 (59)            ; 133 (133)                 ; 0           ; 0          ; 8            ; 0       ; 4         ; 0    ; 0            ; 0          ; |DE10_SOC|picosoc_AIP:soc|picorv32:cpu|picorv32_pcpi_fast_mul:pcpi_mul                                                                                                                                              ; picorv32_pcpi_fast_mul          ; work         ;
;             |lpm_mult:Mult0|                                      ; 46 (0)              ; 0 (0)                     ; 0           ; 0          ; 8            ; 0       ; 4         ; 0    ; 0            ; 0          ; |DE10_SOC|picosoc_AIP:soc|picorv32:cpu|picorv32_pcpi_fast_mul:pcpi_mul|lpm_mult:Mult0                                                                                                                               ; lpm_mult                        ; work         ;
;                |mult_ugs:auto_generated|                          ; 46 (46)             ; 0 (0)                     ; 0           ; 0          ; 8            ; 0       ; 4         ; 0    ; 0            ; 0          ; |DE10_SOC|picosoc_AIP:soc|picorv32:cpu|picorv32_pcpi_fast_mul:pcpi_mul|lpm_mult:Mult0|mult_ugs:auto_generated                                                                                                       ; mult_ugs                        ; work         ;
;       |picosoc_mem:memory|                                        ; 25989 (25989)       ; 32800 (32800)             ; 0           ; 0          ; 0            ; 0       ; 0         ; 0    ; 0            ; 0          ; |DE10_SOC|picosoc_AIP:soc|picosoc_mem:memory                                                                                                                                                                        ; picosoc_mem                     ; work         ;
;       |simpleuart:simpleuart|                                     ; 245 (245)           ; 131 (131)                 ; 0           ; 0          ; 0            ; 0       ; 0         ; 0    ; 0            ; 0          ; |DE10_SOC|picosoc_AIP:soc|simpleuart:simpleuart                                                                                                                                                                     ; simpleuart                      ; work         ;
+-------------------------------------------------------------------+---------------------+---------------------------+-------------+------------+--------------+---------+-----------+------+--------------+------------+---------------------------------------------------------------------------------------------------------------------------------------------------------------------------------------------------------------------+---------------------------------+--------------+
Note: For table entries with two numbers listed, the numbers in parentheses indicate the number of resources of the given type used by the specific entity alone. The numbers listed outside of parentheses indicate the total resources of the given type used by the specific entity and all of its sub-entities in the hierarchy.


+---------------------------------------------------------------------------------------------------------------------------------------------------------------------------------------------------------------------------------------------------------------------------------------------------------------------------+
; Analysis & Synthesis RAM Summary                                                                                                                                                                                                                                                                                          ;
+----------------------------------------------------------------------------------------------------------------------------------------------------------------------------------------------------------------------+------+------------------+--------------+--------------+--------------+--------------+-------+------+
; Name                                                                                                                                                                                                                 ; Type ; Mode             ; Port A Depth ; Port A Width ; Port B Depth ; Port B Width ; Size  ; MIF  ;
+----------------------------------------------------------------------------------------------------------------------------------------------------------------------------------------------------------------------+------+------------------+--------------+--------------+--------------+--------------+-------+------+
; picosoc_AIP:soc|ID00001001_dummy:DUMMY0|ID00001001_aip:INTERFACE|ID00001001_aipModules:AIP|simple_dual_port_ram_single_clk:MEMIN[0].MEMIN|altsyncram:RAM_Structure_rtl_0|altsyncram_onb1:auto_generated|ALTSYNCRAM   ; AUTO ; Simple Dual Port ; 64           ; 32           ; 64           ; 32           ; 2048  ; None ;
; picosoc_AIP:soc|ID00001001_dummy:DUMMY0|ID00001001_aip:INTERFACE|ID00001001_aipModules:AIP|simple_dual_port_ram_single_clk:MEMOUT[0].MEMOUT|altsyncram:RAM_Structure_rtl_0|altsyncram_onb1:auto_generated|ALTSYNCRAM ; AUTO ; Simple Dual Port ; 64           ; 32           ; 64           ; 32           ; 2048  ; None ;
; picosoc_AIP:soc|ID0000200F_aip:interface_PICORV32|ID0000200F_aipModules:AIP|simple_dual_port_ram_single_clk:MEMIN[0].MEMIN|altsyncram:RAM_Structure_rtl_0|altsyncram_vfd1:auto_generated|ALTSYNCRAM                  ; AUTO ; Simple Dual Port ; 2048         ; 32           ; 2048         ; 32           ; 65536 ; None ;
; picosoc_AIP:soc|picorv32:cpu|altsyncram:cpuregs_rtl_0|altsyncram_t6d1:auto_generated|ALTSYNCRAM                                                                                                                      ; AUTO ; Simple Dual Port ; 36           ; 32           ; 36           ; 32           ; 1152  ; None ;
; picosoc_AIP:soc|picorv32:cpu|altsyncram:cpuregs_rtl_1|altsyncram_t6d1:auto_generated|ALTSYNCRAM                                                                                                                      ; AUTO ; Simple Dual Port ; 36           ; 32           ; 36           ; 32           ; 1152  ; None ;
+----------------------------------------------------------------------------------------------------------------------------------------------------------------------------------------------------------------------+------+------------------+--------------+--------------+--------------+--------------+-------+------+


+-----------------------------------------------------+
; Analysis & Synthesis DSP Block Usage Summary        ;
+---------------------------------------+-------------+
; Statistic                             ; Number Used ;
+---------------------------------------+-------------+
; Simple Multipliers (9-bit)            ; 0           ;
; Simple Multipliers (18-bit)           ; 4           ;
; Embedded Multiplier Blocks            ; --          ;
; Embedded Multiplier 9-bit elements    ; 8           ;
; Signed Embedded Multipliers           ; 1           ;
; Unsigned Embedded Multipliers         ; 1           ;
; Mixed Sign Embedded Multipliers       ; 2           ;
; Variable Sign Embedded Multipliers    ; 0           ;
; Dedicated Input Shift Register Chains ; 0           ;
+---------------------------------------+-------------+
Note: number of Embedded Multiplier Blocks used is only available after a successful fit.


Encoding Type:  One-Hot
+------------------------------------------------------------------------------------------------------------------------------+
; State Machine - |DE10_SOC|picosoc_AIP:soc|ID00001001_dummy:DUMMY0|ID00001001_dummyCore:CORE|ID00001001_dummyCtrl:CNTRL|state ;
+---------------+--------------+--------------+---------------+-------------+--------------+-----------------------------------+
; Name          ; state.WAIT_A ; state.WAIT_B ; state.IP_PROC ; state.DELAY ; state.CONFIG ; state.STANDBY                     ;
+---------------+--------------+--------------+---------------+-------------+--------------+-----------------------------------+
; state.STANDBY ; 0            ; 0            ; 0             ; 0           ; 0            ; 0                                 ;
; state.CONFIG  ; 0            ; 0            ; 0             ; 0           ; 1            ; 1                                 ;
; state.DELAY   ; 0            ; 0            ; 0             ; 1           ; 0            ; 1                                 ;
; state.IP_PROC ; 0            ; 0            ; 1             ; 0           ; 0            ; 1                                 ;
; state.WAIT_B  ; 0            ; 1            ; 0             ; 0           ; 0            ; 1                                 ;
; state.WAIT_A  ; 1            ; 0            ; 0             ; 0           ; 0            ; 1                                 ;
+---------------+--------------+--------------+---------------+-------------+--------------+-----------------------------------+


Encoding Type:  One-Hot
+-----------------------------------------------------------------------+
; State Machine - |DE10_SOC|picosoc_AIP:soc|picorv32:cpu|mem_wordsize   ;
+-----------------+-----------------+-----------------+-----------------+
; Name            ; mem_wordsize.00 ; mem_wordsize.10 ; mem_wordsize.01 ;
+-----------------+-----------------+-----------------+-----------------+
; mem_wordsize.00 ; 0               ; 0               ; 0               ;
; mem_wordsize.01 ; 1               ; 0               ; 1               ;
; mem_wordsize.10 ; 1               ; 1               ; 0               ;
+-----------------+-----------------+-----------------+-----------------+


Encoding Type:  One-Hot
+------------------------------------------------------------------------------------------------------------------------------------------------------------------------------------------------------------------------------------------------------------+
; State Machine - |DE10_SOC|picosoc_AIP:soc|picorv32:cpu|cpu_state                                                                                                                                                                                           ;
+----------------------------+--------------------------+---------------------------+----------------------------+----------------------------+--------------------------+---------------------------+---------------------------+---------------------------+
; Name                       ; cpu_state.cpu_state_trap ; cpu_state.cpu_state_fetch ; cpu_state.cpu_state_ld_rs1 ; cpu_state.cpu_state_ld_rs2 ; cpu_state.cpu_state_exec ; cpu_state.cpu_state_shift ; cpu_state.cpu_state_stmem ; cpu_state.cpu_state_ldmem ;
+----------------------------+--------------------------+---------------------------+----------------------------+----------------------------+--------------------------+---------------------------+---------------------------+---------------------------+
; cpu_state.cpu_state_ldmem  ; 0                        ; 0                         ; 0                          ; 0                          ; 0                        ; 0                         ; 0                         ; 0                         ;
; cpu_state.cpu_state_stmem  ; 0                        ; 0                         ; 0                          ; 0                          ; 0                        ; 0                         ; 1                         ; 1                         ;
; cpu_state.cpu_state_shift  ; 0                        ; 0                         ; 0                          ; 0                          ; 0                        ; 1                         ; 0                         ; 1                         ;
; cpu_state.cpu_state_exec   ; 0                        ; 0                         ; 0                          ; 0                          ; 1                        ; 0                         ; 0                         ; 1                         ;
; cpu_state.cpu_state_ld_rs2 ; 0                        ; 0                         ; 0                          ; 1                          ; 0                        ; 0                         ; 0                         ; 1                         ;
; cpu_state.cpu_state_ld_rs1 ; 0                        ; 0                         ; 1                          ; 0                          ; 0                        ; 0                         ; 0                         ; 1                         ;
; cpu_state.cpu_state_fetch  ; 0                        ; 1                         ; 0                          ; 0                          ; 0                        ; 0                         ; 0                         ; 1                         ;
; cpu_state.cpu_state_trap   ; 1                        ; 0                         ; 0                          ; 0                          ; 0                        ; 0                         ; 0                         ; 1                         ;
+----------------------------+--------------------------+---------------------------+----------------------------+----------------------------+--------------------------+---------------------------+---------------------------+---------------------------+


+-------------------------------------------------------------------------------------------------------------------------------------------------------------------------------------------------------------------------------------------------------------------------+
; Registers Removed During Synthesis                                                                                                                                                                                                                                      ;
+----------------------------------------------------------------------------------------------------------------------------------------------------+--------------------------------------------------------------------------------------------------------------------+
; Register name                                                                                                                                      ; Reason for Removal                                                                                                 ;
+----------------------------------------------------------------------------------------------------------------------------------------------------+--------------------------------------------------------------------------------------------------------------------+
; picosoc_AIP:soc|ID00001001_dummy:DUMMY0|ID00001001_aip:INTERFACE|ID00001001_aipModules:AIP|aipStatus:STATUS|regStatus[1..7]                        ; Stuck at GND due to stuck port data_in                                                                             ;
; picosoc_AIP:soc|ID00001001_dummy:DUMMY0|ID00001001_aip:INTERFACE|ID00001001_aipModules:AIP|aipId:ID|data_IP_ID[0]                                  ; Stuck at VCC due to stuck port data_in                                                                             ;
; picosoc_AIP:soc|ID00001001_dummy:DUMMY0|ID00001001_aip:INTERFACE|ID00001001_aipModules:AIP|aipId:ID|data_IP_ID[1..11]                              ; Stuck at GND due to stuck port data_in                                                                             ;
; picosoc_AIP:soc|ID00001001_dummy:DUMMY0|ID00001001_aip:INTERFACE|ID00001001_aipModules:AIP|aipId:ID|data_IP_ID[12]                                 ; Stuck at VCC due to stuck port data_in                                                                             ;
; picosoc_AIP:soc|ID00001001_dummy:DUMMY0|ID00001001_aip:INTERFACE|ID00001001_aipModules:AIP|aipId:ID|data_IP_ID[13..31]                             ; Stuck at GND due to stuck port data_in                                                                             ;
; picosoc_AIP:soc|ID0000200F_aip:interface_PICORV32|ID0000200F_aipModules:AIP|aipStatus:STATUS|regStatus[0..7]                                       ; Stuck at GND due to stuck port data_in                                                                             ;
; picosoc_AIP:soc|ID0000200F_aip:interface_PICORV32|ID0000200F_aipModules:AIP|aipId:ID|data_IP_ID[0..3]                                              ; Stuck at VCC due to stuck port data_in                                                                             ;
; picosoc_AIP:soc|ID0000200F_aip:interface_PICORV32|ID0000200F_aipModules:AIP|aipId:ID|data_IP_ID[4..12]                                             ; Stuck at GND due to stuck port data_in                                                                             ;
; picosoc_AIP:soc|ID0000200F_aip:interface_PICORV32|ID0000200F_aipModules:AIP|aipId:ID|data_IP_ID[13]                                                ; Stuck at VCC due to stuck port data_in                                                                             ;
; picosoc_AIP:soc|ID0000200F_aip:interface_PICORV32|ID0000200F_aipModules:AIP|aipId:ID|data_IP_ID[14..31]                                            ; Stuck at GND due to stuck port data_in                                                                             ;
; picosoc_AIP:soc|picorv32:cpu|decoded_rd[5]                                                                                                         ; Stuck at GND due to stuck port data_in                                                                             ;
; picosoc_AIP:soc|picorv32:cpu|decoded_imm_j[0]                                                                                                      ; Stuck at GND due to stuck port data_in                                                                             ;
; picosoc_AIP:soc|ID0000200F_aip:interface_PICORV32|ID0000200F_aipModules:AIP|simple_dual_port_ram_single_clk:MEMOUT[0].MEMOUT|data_output__o[0..31] ; Stuck at GND due to stuck port data_in                                                                             ;
; picosoc_AIP:soc|ID0000200F_aip:interface_PICORV32|ID0000200F_aipModules:AIP|ID0000200F_aipCtrl:CNTRL|regRdAddrMemOut[0][15]                        ; Lost fanout                                                                                                        ;
; picosoc_AIP:soc|ID0000200F_aip:interface_PICORV32|ID0000200F_aipModules:AIP|ID0000200F_aipCtrl:CNTRL|regRdAddrMemOut[0][14]                        ; Lost fanout                                                                                                        ;
; picosoc_AIP:soc|ID0000200F_aip:interface_PICORV32|ID0000200F_aipModules:AIP|ID0000200F_aipCtrl:CNTRL|regRdAddrMemOut[0][13]                        ; Lost fanout                                                                                                        ;
; picosoc_AIP:soc|ID0000200F_aip:interface_PICORV32|ID0000200F_aipModules:AIP|ID0000200F_aipCtrl:CNTRL|regRdAddrMemOut[0][12]                        ; Lost fanout                                                                                                        ;
; picosoc_AIP:soc|ID0000200F_aip:interface_PICORV32|ID0000200F_aipModules:AIP|ID0000200F_aipCtrl:CNTRL|regRdAddrMemOut[0][11]                        ; Lost fanout                                                                                                        ;
; picosoc_AIP:soc|ID0000200F_aip:interface_PICORV32|ID0000200F_aipModules:AIP|ID0000200F_aipCtrl:CNTRL|regRdAddrMemOut[0][10]                        ; Lost fanout                                                                                                        ;
; picosoc_AIP:soc|ID0000200F_aip:interface_PICORV32|ID0000200F_aipModules:AIP|ID0000200F_aipCtrl:CNTRL|regRdAddrMemOut[0][9]                         ; Lost fanout                                                                                                        ;
; picosoc_AIP:soc|ID0000200F_aip:interface_PICORV32|ID0000200F_aipModules:AIP|ID0000200F_aipCtrl:CNTRL|regRdAddrMemOut[0][8]                         ; Lost fanout                                                                                                        ;
; picosoc_AIP:soc|ID0000200F_aip:interface_PICORV32|ID0000200F_aipModules:AIP|ID0000200F_aipCtrl:CNTRL|regRdAddrMemOut[0][7]                         ; Lost fanout                                                                                                        ;
; picosoc_AIP:soc|ID0000200F_aip:interface_PICORV32|ID0000200F_aipModules:AIP|ID0000200F_aipCtrl:CNTRL|regRdAddrMemOut[0][6]                         ; Lost fanout                                                                                                        ;
; picosoc_AIP:soc|ID0000200F_aip:interface_PICORV32|ID0000200F_aipModules:AIP|ID0000200F_aipCtrl:CNTRL|regRdAddrMemOut[0][5]                         ; Lost fanout                                                                                                        ;
; picosoc_AIP:soc|ID0000200F_aip:interface_PICORV32|ID0000200F_aipModules:AIP|ID0000200F_aipCtrl:CNTRL|regRdAddrMemOut[0][4]                         ; Lost fanout                                                                                                        ;
; picosoc_AIP:soc|ID0000200F_aip:interface_PICORV32|ID0000200F_aipModules:AIP|ID0000200F_aipCtrl:CNTRL|regRdAddrMemOut[0][3]                         ; Lost fanout                                                                                                        ;
; picosoc_AIP:soc|ID0000200F_aip:interface_PICORV32|ID0000200F_aipModules:AIP|ID0000200F_aipCtrl:CNTRL|regRdAddrMemOut[0][2]                         ; Lost fanout                                                                                                        ;
; picosoc_AIP:soc|ID0000200F_aip:interface_PICORV32|ID0000200F_aipModules:AIP|ID0000200F_aipCtrl:CNTRL|regRdAddrMemOut[0][1]                         ; Lost fanout                                                                                                        ;
; picosoc_AIP:soc|ID0000200F_aip:interface_PICORV32|ID0000200F_aipModules:AIP|ID0000200F_aipCtrl:CNTRL|regRdAddrMemOut[0][0]                         ; Lost fanout                                                                                                        ;
; picosoc_AIP:soc|ID00001001_dummy:DUMMY0|ID00001001_aip:INTERFACE|ID00001001_aipModules:AIP|aipStatus:STATUS|regInt[1..7]                           ; Stuck at GND due to stuck port data_in                                                                             ;
; picosoc_AIP:soc|ID0000200F_aip:interface_PICORV32|ID0000200F_aipModules:AIP|aipStatus:STATUS|regInt[0..7]                                          ; Stuck at GND due to stuck port data_in                                                                             ;
; picosoc_AIP:soc|picorv32:cpu|mem_addr[0,1]                                                                                                         ; Stuck at GND due to stuck port data_in                                                                             ;
; picosoc_AIP:soc|ID00001001_dummy:DUMMY0|ID00001001_dummyCore:CORE|ID00001001_dummyCtrl:CNTRL|addrWR[5]                                             ; Merged with picosoc_AIP:soc|ID00001001_dummy:DUMMY0|ID00001001_dummyCore:CORE|ID00001001_dummyCtrl:CNTRL|addrRD[5] ;
; picosoc_AIP:soc|ID00001001_dummy:DUMMY0|ID00001001_dummyCore:CORE|ID00001001_dummyCtrl:CNTRL|addrWR[4]                                             ; Merged with picosoc_AIP:soc|ID00001001_dummy:DUMMY0|ID00001001_dummyCore:CORE|ID00001001_dummyCtrl:CNTRL|addrRD[4] ;
; picosoc_AIP:soc|ID00001001_dummy:DUMMY0|ID00001001_dummyCore:CORE|ID00001001_dummyCtrl:CNTRL|addrWR[3]                                             ; Merged with picosoc_AIP:soc|ID00001001_dummy:DUMMY0|ID00001001_dummyCore:CORE|ID00001001_dummyCtrl:CNTRL|addrRD[3] ;
; picosoc_AIP:soc|ID00001001_dummy:DUMMY0|ID00001001_dummyCore:CORE|ID00001001_dummyCtrl:CNTRL|addrWR[2]                                             ; Merged with picosoc_AIP:soc|ID00001001_dummy:DUMMY0|ID00001001_dummyCore:CORE|ID00001001_dummyCtrl:CNTRL|addrRD[2] ;
; picosoc_AIP:soc|ID00001001_dummy:DUMMY0|ID00001001_dummyCore:CORE|ID00001001_dummyCtrl:CNTRL|addrWR[1]                                             ; Merged with picosoc_AIP:soc|ID00001001_dummy:DUMMY0|ID00001001_dummyCore:CORE|ID00001001_dummyCtrl:CNTRL|addrRD[1] ;
; picosoc_AIP:soc|ID00001001_dummy:DUMMY0|ID00001001_dummyCore:CORE|ID00001001_dummyCtrl:CNTRL|addrWR[0]                                             ; Merged with picosoc_AIP:soc|ID00001001_dummy:DUMMY0|ID00001001_dummyCore:CORE|ID00001001_dummyCtrl:CNTRL|addrRD[0] ;
; picosoc_AIP:soc|picorv32:cpu|reg_pc[0]                                                                                                             ; Merged with picosoc_AIP:soc|picorv32:cpu|reg_next_pc[0]                                                            ;
; picosoc_AIP:soc|picorv32:cpu|decoded_imm_j[21..31]                                                                                                 ; Merged with picosoc_AIP:soc|picorv32:cpu|decoded_imm_j[20]                                                         ;
; ipm:IPM|ipm_register:IPM_REG|regDataOut[0][1]                                                                                                      ; Merged with ipm:IPM|ipm_register:IPM_REG|regDataOut[0][0]                                                          ;
; ipm:IPM|ipm_register:IPM_REG|regDataOut[0][2]                                                                                                      ; Merged with ipm:IPM|ipm_register:IPM_REG|regDataOut[0][0]                                                          ;
; ipm:IPM|ipm_register:IPM_REG|regDataOut[0][3]                                                                                                      ; Merged with ipm:IPM|ipm_register:IPM_REG|regDataOut[0][0]                                                          ;
; ipm:IPM|ipm_register:IPM_REG|regDataOut[1][5]                                                                                                      ; Merged with ipm:IPM|ipm_register:IPM_REG|regDataOut[0][0]                                                          ;
; ipm:IPM|ipm_register:IPM_REG|regDataOut[0][5]                                                                                                      ; Merged with ipm:IPM|ipm_register:IPM_REG|regDataOut[0][4]                                                          ;
; ipm:IPM|ipm_register:IPM_REG|regDataOut[0][6]                                                                                                      ; Merged with ipm:IPM|ipm_register:IPM_REG|regDataOut[0][4]                                                          ;
; ipm:IPM|ipm_register:IPM_REG|regDataOut[0][7]                                                                                                      ; Merged with ipm:IPM|ipm_register:IPM_REG|regDataOut[0][4]                                                          ;
; ipm:IPM|ipm_register:IPM_REG|regDataOut[1][0]                                                                                                      ; Merged with ipm:IPM|ipm_register:IPM_REG|regDataOut[0][4]                                                          ;
; ipm:IPM|ipm_register:IPM_REG|regDataOut[1][1]                                                                                                      ; Merged with ipm:IPM|ipm_register:IPM_REG|regDataOut[0][4]                                                          ;
; ipm:IPM|ipm_register:IPM_REG|regDataOut[1][2]                                                                                                      ; Merged with ipm:IPM|ipm_register:IPM_REG|regDataOut[0][4]                                                          ;
; ipm:IPM|ipm_register:IPM_REG|regDataOut[1][3]                                                                                                      ; Merged with ipm:IPM|ipm_register:IPM_REG|regDataOut[0][4]                                                          ;
; ipm:IPM|ipm_register:IPM_REG|regDataOut[1][4]                                                                                                      ; Merged with ipm:IPM|ipm_register:IPM_REG|regDataOut[0][4]                                                          ;
; ipm:IPM|ipm_register:IPM_REG|regDataOut[1][6]                                                                                                      ; Merged with ipm:IPM|ipm_register:IPM_REG|regDataOut[0][4]                                                          ;
; ipm:IPM|ipm_register:IPM_REG|regDataOut[1][7]                                                                                                      ; Merged with ipm:IPM|ipm_register:IPM_REG|regDataOut[0][4]                                                          ;
; ipm:IPM|ipm_register:IPM_REG|regDataOut[3][0]                                                                                                      ; Merged with ipm:IPM|ipm_register:IPM_REG|regDataOut[0][4]                                                          ;
; ipm:IPM|ipm_register:IPM_REG|regDataOut[3][1]                                                                                                      ; Merged with ipm:IPM|ipm_register:IPM_REG|regDataOut[0][4]                                                          ;
; ipm:IPM|ipm_register:IPM_REG|regDataOut[3][2]                                                                                                      ; Merged with ipm:IPM|ipm_register:IPM_REG|regDataOut[0][4]                                                          ;
; ipm:IPM|ipm_register:IPM_REG|regDataOut[3][3]                                                                                                      ; Merged with ipm:IPM|ipm_register:IPM_REG|regDataOut[0][4]                                                          ;
; ipm:IPM|ipm_register:IPM_REG|regDataOut[3][4]                                                                                                      ; Merged with ipm:IPM|ipm_register:IPM_REG|regDataOut[0][4]                                                          ;
; ipm:IPM|ipm_register:IPM_REG|regDataOut[3][5]                                                                                                      ; Merged with ipm:IPM|ipm_register:IPM_REG|regDataOut[0][4]                                                          ;
; ipm:IPM|ipm_register:IPM_REG|regDataOut[3][6]                                                                                                      ; Merged with ipm:IPM|ipm_register:IPM_REG|regDataOut[0][4]                                                          ;
; ipm:IPM|ipm_register:IPM_REG|regDataOut[3][7]                                                                                                      ; Merged with ipm:IPM|ipm_register:IPM_REG|regDataOut[0][4]                                                          ;
; picosoc_AIP:soc|picorv32:cpu|irq_pending[3..31]                                                                                                    ; Stuck at GND due to stuck port data_in                                                                             ;
; ipm:IPM|ipm_register:IPM_REG|regDataOut[0][4]                                                                                                      ; Stuck at GND due to stuck port data_in                                                                             ;
; picosoc_AIP:soc|picorv32:cpu|cpuregs_rtl_1_bypass[12]                                                                                              ; Stuck at GND due to stuck port data_in                                                                             ;
; picosoc_AIP:soc|picorv32:cpu|latched_is_lu                                                                                                         ; Lost fanout                                                                                                        ;
; picosoc_AIP:soc|picorv32:cpu|is_lbu_lhu_lw                                                                                                         ; Lost fanout                                                                                                        ;
; picosoc_AIP:soc|simpleuart:simpleuart|send_pattern[9]                                                                                              ; Stuck at VCC due to stuck port data_in                                                                             ;
; picosoc_AIP:soc|picorv32:cpu|reg_next_pc[0]                                                                                                        ; Stuck at GND due to stuck port data_in                                                                             ;
; picosoc_AIP:soc|ID00001001_dummy:DUMMY0|ID00001001_dummyCore:CORE|ID00001001_dummyCtrl:CNTRL|state~10                                              ; Lost fanout                                                                                                        ;
; picosoc_AIP:soc|ID00001001_dummy:DUMMY0|ID00001001_dummyCore:CORE|ID00001001_dummyCtrl:CNTRL|state~11                                              ; Lost fanout                                                                                                        ;
; picosoc_AIP:soc|ID00001001_dummy:DUMMY0|ID00001001_dummyCore:CORE|ID00001001_dummyCtrl:CNTRL|state~12                                              ; Lost fanout                                                                                                        ;
; picosoc_AIP:soc|picorv32:cpu|cpu_state.cpu_state_ld_rs2                                                                                            ; Stuck at GND due to stuck port data_in                                                                             ;
; picosoc_AIP:soc|ID00001001_dummy:DUMMY0|ID00001001_aip:INTERFACE|ID00001001_aipModules:AIP|ID00001001_aipCtrl:CNTRL|regRdAddrMemOut[0][6]          ; Lost fanout                                                                                                        ;
; picosoc_AIP:soc|ID00001001_dummy:DUMMY0|ID00001001_aip:INTERFACE|ID00001001_aipModules:AIP|ID00001001_aipCtrl:CNTRL|regRdAddrMemOut[0][7]          ; Lost fanout                                                                                                        ;
; picosoc_AIP:soc|ID00001001_dummy:DUMMY0|ID00001001_aip:INTERFACE|ID00001001_aipModules:AIP|ID00001001_aipCtrl:CNTRL|regRdAddrMemOut[0][8]          ; Lost fanout                                                                                                        ;
; picosoc_AIP:soc|ID00001001_dummy:DUMMY0|ID00001001_aip:INTERFACE|ID00001001_aipModules:AIP|ID00001001_aipCtrl:CNTRL|regRdAddrMemOut[0][9]          ; Lost fanout                                                                                                        ;
; picosoc_AIP:soc|ID00001001_dummy:DUMMY0|ID00001001_aip:INTERFACE|ID00001001_aipModules:AIP|ID00001001_aipCtrl:CNTRL|regRdAddrMemOut[0][10]         ; Lost fanout                                                                                                        ;
; picosoc_AIP:soc|ID00001001_dummy:DUMMY0|ID00001001_aip:INTERFACE|ID00001001_aipModules:AIP|ID00001001_aipCtrl:CNTRL|regRdAddrMemOut[0][11]         ; Lost fanout                                                                                                        ;
; picosoc_AIP:soc|ID00001001_dummy:DUMMY0|ID00001001_aip:INTERFACE|ID00001001_aipModules:AIP|ID00001001_aipCtrl:CNTRL|regRdAddrMemOut[0][12]         ; Lost fanout                                                                                                        ;
; picosoc_AIP:soc|ID00001001_dummy:DUMMY0|ID00001001_aip:INTERFACE|ID00001001_aipModules:AIP|ID00001001_aipCtrl:CNTRL|regRdAddrMemOut[0][13]         ; Lost fanout                                                                                                        ;
; picosoc_AIP:soc|ID00001001_dummy:DUMMY0|ID00001001_aip:INTERFACE|ID00001001_aipModules:AIP|ID00001001_aipCtrl:CNTRL|regRdAddrMemOut[0][14]         ; Lost fanout                                                                                                        ;
; picosoc_AIP:soc|ID00001001_dummy:DUMMY0|ID00001001_aip:INTERFACE|ID00001001_aipModules:AIP|ID00001001_aipCtrl:CNTRL|regRdAddrMemOut[0][15]         ; Lost fanout                                                                                                        ;
; picosoc_AIP:soc|ID0000200F_aip:interface_PICORV32|ID0000200F_aipModules:AIP|ID0000200F_aipCtrl:CNTRL|regWrAddrMemIn[0][11]                         ; Lost fanout                                                                                                        ;
; picosoc_AIP:soc|ID0000200F_aip:interface_PICORV32|ID0000200F_aipModules:AIP|ID0000200F_aipCtrl:CNTRL|regWrAddrMemIn[0][12]                         ; Lost fanout                                                                                                        ;
; picosoc_AIP:soc|ID0000200F_aip:interface_PICORV32|ID0000200F_aipModules:AIP|ID0000200F_aipCtrl:CNTRL|regWrAddrMemIn[0][13]                         ; Lost fanout                                                                                                        ;
; picosoc_AIP:soc|ID0000200F_aip:interface_PICORV32|ID0000200F_aipModules:AIP|ID0000200F_aipCtrl:CNTRL|regWrAddrMemIn[0][14]                         ; Lost fanout                                                                                                        ;
; picosoc_AIP:soc|ID0000200F_aip:interface_PICORV32|ID0000200F_aipModules:AIP|ID0000200F_aipCtrl:CNTRL|regWrAddrMemIn[0][15]                         ; Lost fanout                                                                                                        ;
; picosoc_AIP:soc|ID00001001_dummy:DUMMY0|ID00001001_aip:INTERFACE|ID00001001_aipModules:AIP|ID00001001_aipCtrl:CNTRL|regWrAddrMemIn[0][6]           ; Lost fanout                                                                                                        ;
; picosoc_AIP:soc|ID00001001_dummy:DUMMY0|ID00001001_aip:INTERFACE|ID00001001_aipModules:AIP|ID00001001_aipCtrl:CNTRL|regWrAddrMemIn[0][7]           ; Lost fanout                                                                                                        ;
; picosoc_AIP:soc|ID00001001_dummy:DUMMY0|ID00001001_aip:INTERFACE|ID00001001_aipModules:AIP|ID00001001_aipCtrl:CNTRL|regWrAddrMemIn[0][8]           ; Lost fanout                                                                                                        ;
; picosoc_AIP:soc|ID00001001_dummy:DUMMY0|ID00001001_aip:INTERFACE|ID00001001_aipModules:AIP|ID00001001_aipCtrl:CNTRL|regWrAddrMemIn[0][9]           ; Lost fanout                                                                                                        ;
; picosoc_AIP:soc|ID00001001_dummy:DUMMY0|ID00001001_aip:INTERFACE|ID00001001_aipModules:AIP|ID00001001_aipCtrl:CNTRL|regWrAddrMemIn[0][10]          ; Lost fanout                                                                                                        ;
; picosoc_AIP:soc|ID00001001_dummy:DUMMY0|ID00001001_aip:INTERFACE|ID00001001_aipModules:AIP|ID00001001_aipCtrl:CNTRL|regWrAddrMemIn[0][11]          ; Lost fanout                                                                                                        ;
; picosoc_AIP:soc|ID00001001_dummy:DUMMY0|ID00001001_aip:INTERFACE|ID00001001_aipModules:AIP|ID00001001_aipCtrl:CNTRL|regWrAddrMemIn[0][12]          ; Lost fanout                                                                                                        ;
; picosoc_AIP:soc|ID00001001_dummy:DUMMY0|ID00001001_aip:INTERFACE|ID00001001_aipModules:AIP|ID00001001_aipCtrl:CNTRL|regWrAddrMemIn[0][13]          ; Lost fanout                                                                                                        ;
; picosoc_AIP:soc|ID00001001_dummy:DUMMY0|ID00001001_aip:INTERFACE|ID00001001_aipModules:AIP|ID00001001_aipCtrl:CNTRL|regWrAddrMemIn[0][14]          ; Lost fanout                                                                                                        ;
; picosoc_AIP:soc|ID00001001_dummy:DUMMY0|ID00001001_aip:INTERFACE|ID00001001_aipModules:AIP|ID00001001_aipCtrl:CNTRL|regWrAddrMemIn[0][15]          ; Lost fanout                                                                                                        ;
; Total Number of Removed Registers = 250                                                                                                            ;                                                                                                                    ;
+----------------------------------------------------------------------------------------------------------------------------------------------------+--------------------------------------------------------------------------------------------------------------------+


+------------------------------------------------------------------------------------------------------------------------------------------------------------------------------------------------------------------------------------------------------------------------------+
; Removed Registers Triggering Further Register Optimizations                                                                                                                                                                                                                  ;
+----------------------------------------------------------------------------------------------------+---------------------------+---------------------------------------------------------------------------------------------------------------------------------------------+
; Register name                                                                                      ; Reason for Removal        ; Registers Removed due to This Register                                                                                                      ;
+----------------------------------------------------------------------------------------------------+---------------------------+---------------------------------------------------------------------------------------------------------------------------------------------+
; picosoc_AIP:soc|picorv32:cpu|mem_addr[0]                                                           ; Stuck at GND              ; picosoc_AIP:soc|ID00001001_dummy:DUMMY0|ID00001001_aip:INTERFACE|ID00001001_aipModules:AIP|ID00001001_aipCtrl:CNTRL|regRdAddrMemOut[0][6],  ;
;                                                                                                    ; due to stuck port data_in ; picosoc_AIP:soc|ID00001001_dummy:DUMMY0|ID00001001_aip:INTERFACE|ID00001001_aipModules:AIP|ID00001001_aipCtrl:CNTRL|regRdAddrMemOut[0][7],  ;
;                                                                                                    ;                           ; picosoc_AIP:soc|ID00001001_dummy:DUMMY0|ID00001001_aip:INTERFACE|ID00001001_aipModules:AIP|ID00001001_aipCtrl:CNTRL|regRdAddrMemOut[0][8],  ;
;                                                                                                    ;                           ; picosoc_AIP:soc|ID00001001_dummy:DUMMY0|ID00001001_aip:INTERFACE|ID00001001_aipModules:AIP|ID00001001_aipCtrl:CNTRL|regRdAddrMemOut[0][9],  ;
;                                                                                                    ;                           ; picosoc_AIP:soc|ID00001001_dummy:DUMMY0|ID00001001_aip:INTERFACE|ID00001001_aipModules:AIP|ID00001001_aipCtrl:CNTRL|regRdAddrMemOut[0][10], ;
;                                                                                                    ;                           ; picosoc_AIP:soc|ID00001001_dummy:DUMMY0|ID00001001_aip:INTERFACE|ID00001001_aipModules:AIP|ID00001001_aipCtrl:CNTRL|regRdAddrMemOut[0][11], ;
;                                                                                                    ;                           ; picosoc_AIP:soc|ID00001001_dummy:DUMMY0|ID00001001_aip:INTERFACE|ID00001001_aipModules:AIP|ID00001001_aipCtrl:CNTRL|regRdAddrMemOut[0][12], ;
;                                                                                                    ;                           ; picosoc_AIP:soc|ID00001001_dummy:DUMMY0|ID00001001_aip:INTERFACE|ID00001001_aipModules:AIP|ID00001001_aipCtrl:CNTRL|regRdAddrMemOut[0][13], ;
;                                                                                                    ;                           ; picosoc_AIP:soc|ID00001001_dummy:DUMMY0|ID00001001_aip:INTERFACE|ID00001001_aipModules:AIP|ID00001001_aipCtrl:CNTRL|regRdAddrMemOut[0][14], ;
;                                                                                                    ;                           ; picosoc_AIP:soc|ID00001001_dummy:DUMMY0|ID00001001_aip:INTERFACE|ID00001001_aipModules:AIP|ID00001001_aipCtrl:CNTRL|regRdAddrMemOut[0][15]  ;
; picosoc_AIP:soc|picorv32:cpu|irq_pending[31]                                                       ; Stuck at GND              ; picosoc_AIP:soc|picorv32:cpu|latched_is_lu,                                                                                                 ;
;                                                                                                    ; due to stuck port data_in ; picosoc_AIP:soc|picorv32:cpu|is_lbu_lhu_lw                                                                                                  ;
; picosoc_AIP:soc|ID0000200F_aip:interface_PICORV32|ID0000200F_aipModules:AIP|aipId:ID|data_IP_ID[4] ; Stuck at GND              ; ipm:IPM|ipm_register:IPM_REG|regDataOut[0][4]                                                                                               ;
;                                                                                                    ; due to stuck port data_in ;                                                                                                                                             ;
+----------------------------------------------------------------------------------------------------+---------------------------+---------------------------------------------------------------------------------------------------------------------------------------------+


+------------------------------------------------------+
; General Register Statistics                          ;
+----------------------------------------------+-------+
; Statistic                                    ; Value ;
+----------------------------------------------+-------+
; Total registers                              ; 34348 ;
; Number of registers using Synchronous Clear  ; 361   ;
; Number of registers using Synchronous Load   ; 129   ;
; Number of registers using Asynchronous Clear ; 239   ;
; Number of registers using Asynchronous Load  ; 0     ;
; Number of registers using Clock Enable       ; 33696 ;
; Number of registers using Preset             ; 0     ;
+----------------------------------------------+-------+


+----------------------------------------------------------------------------------------------------------------------------------------------------------------------------------------------------------------------------------------------------------------------------------------------------------------------------------------------+
; Registers Added for RAM Pass-Through Logic                                                                                                                                                                                                                                                                                                   ;
+----------------------------------------------------------------------------------------------------------------------------------------------------------------------------+-----------------------------------------------------------------------------------------------------------------------------------------------------------------+
; Register Name                                                                                                                                                              ; RAM Name                                                                                                                                                        ;
+----------------------------------------------------------------------------------------------------------------------------------------------------------------------------+-----------------------------------------------------------------------------------------------------------------------------------------------------------------+
; picosoc_AIP:soc|picorv32:cpu|cpuregs_rtl_0_bypass[0]                                                                                                                       ; picosoc_AIP:soc|picorv32:cpu|cpuregs_rtl_0                                                                                                                      ;
; picosoc_AIP:soc|picorv32:cpu|cpuregs_rtl_0_bypass[1]                                                                                                                       ; picosoc_AIP:soc|picorv32:cpu|cpuregs_rtl_0                                                                                                                      ;
; picosoc_AIP:soc|picorv32:cpu|cpuregs_rtl_0_bypass[2]                                                                                                                       ; picosoc_AIP:soc|picorv32:cpu|cpuregs_rtl_0                                                                                                                      ;
; picosoc_AIP:soc|picorv32:cpu|cpuregs_rtl_0_bypass[3]                                                                                                                       ; picosoc_AIP:soc|picorv32:cpu|cpuregs_rtl_0                                                                                                                      ;
; picosoc_AIP:soc|picorv32:cpu|cpuregs_rtl_0_bypass[4]                                                                                                                       ; picosoc_AIP:soc|picorv32:cpu|cpuregs_rtl_0                                                                                                                      ;
; picosoc_AIP:soc|picorv32:cpu|cpuregs_rtl_0_bypass[5]                                                                                                                       ; picosoc_AIP:soc|picorv32:cpu|cpuregs_rtl_0                                                                                                                      ;
; picosoc_AIP:soc|picorv32:cpu|cpuregs_rtl_0_bypass[6]                                                                                                                       ; picosoc_AIP:soc|picorv32:cpu|cpuregs_rtl_0                                                                                                                      ;
; picosoc_AIP:soc|picorv32:cpu|cpuregs_rtl_0_bypass[7]                                                                                                                       ; picosoc_AIP:soc|picorv32:cpu|cpuregs_rtl_0                                                                                                                      ;
; picosoc_AIP:soc|picorv32:cpu|cpuregs_rtl_0_bypass[8]                                                                                                                       ; picosoc_AIP:soc|picorv32:cpu|cpuregs_rtl_0                                                                                                                      ;
; picosoc_AIP:soc|picorv32:cpu|cpuregs_rtl_0_bypass[9]                                                                                                                       ; picosoc_AIP:soc|picorv32:cpu|cpuregs_rtl_0                                                                                                                      ;
; picosoc_AIP:soc|picorv32:cpu|cpuregs_rtl_0_bypass[10]                                                                                                                      ; picosoc_AIP:soc|picorv32:cpu|cpuregs_rtl_0                                                                                                                      ;
; picosoc_AIP:soc|picorv32:cpu|cpuregs_rtl_0_bypass[11]                                                                                                                      ; picosoc_AIP:soc|picorv32:cpu|cpuregs_rtl_0                                                                                                                      ;
; picosoc_AIP:soc|picorv32:cpu|cpuregs_rtl_0_bypass[12]                                                                                                                      ; picosoc_AIP:soc|picorv32:cpu|cpuregs_rtl_0                                                                                                                      ;
; picosoc_AIP:soc|picorv32:cpu|cpuregs_rtl_0_bypass[13]                                                                                                                      ; picosoc_AIP:soc|picorv32:cpu|cpuregs_rtl_0                                                                                                                      ;
; picosoc_AIP:soc|picorv32:cpu|cpuregs_rtl_0_bypass[14]                                                                                                                      ; picosoc_AIP:soc|picorv32:cpu|cpuregs_rtl_0                                                                                                                      ;
; picosoc_AIP:soc|picorv32:cpu|cpuregs_rtl_0_bypass[15]                                                                                                                      ; picosoc_AIP:soc|picorv32:cpu|cpuregs_rtl_0                                                                                                                      ;
; picosoc_AIP:soc|picorv32:cpu|cpuregs_rtl_0_bypass[16]                                                                                                                      ; picosoc_AIP:soc|picorv32:cpu|cpuregs_rtl_0                                                                                                                      ;
; picosoc_AIP:soc|picorv32:cpu|cpuregs_rtl_0_bypass[17]                                                                                                                      ; picosoc_AIP:soc|picorv32:cpu|cpuregs_rtl_0                                                                                                                      ;
; picosoc_AIP:soc|picorv32:cpu|cpuregs_rtl_0_bypass[18]                                                                                                                      ; picosoc_AIP:soc|picorv32:cpu|cpuregs_rtl_0                                                                                                                      ;
; picosoc_AIP:soc|picorv32:cpu|cpuregs_rtl_0_bypass[19]                                                                                                                      ; picosoc_AIP:soc|picorv32:cpu|cpuregs_rtl_0                                                                                                                      ;
; picosoc_AIP:soc|picorv32:cpu|cpuregs_rtl_0_bypass[20]                                                                                                                      ; picosoc_AIP:soc|picorv32:cpu|cpuregs_rtl_0                                                                                                                      ;
; picosoc_AIP:soc|picorv32:cpu|cpuregs_rtl_0_bypass[21]                                                                                                                      ; picosoc_AIP:soc|picorv32:cpu|cpuregs_rtl_0                                                                                                                      ;
; picosoc_AIP:soc|picorv32:cpu|cpuregs_rtl_0_bypass[22]                                                                                                                      ; picosoc_AIP:soc|picorv32:cpu|cpuregs_rtl_0                                                                                                                      ;
; picosoc_AIP:soc|picorv32:cpu|cpuregs_rtl_0_bypass[23]                                                                                                                      ; picosoc_AIP:soc|picorv32:cpu|cpuregs_rtl_0                                                                                                                      ;
; picosoc_AIP:soc|picorv32:cpu|cpuregs_rtl_0_bypass[24]                                                                                                                      ; picosoc_AIP:soc|picorv32:cpu|cpuregs_rtl_0                                                                                                                      ;
; picosoc_AIP:soc|picorv32:cpu|cpuregs_rtl_0_bypass[25]                                                                                                                      ; picosoc_AIP:soc|picorv32:cpu|cpuregs_rtl_0                                                                                                                      ;
; picosoc_AIP:soc|picorv32:cpu|cpuregs_rtl_0_bypass[26]                                                                                                                      ; picosoc_AIP:soc|picorv32:cpu|cpuregs_rtl_0                                                                                                                      ;
; picosoc_AIP:soc|picorv32:cpu|cpuregs_rtl_0_bypass[27]                                                                                                                      ; picosoc_AIP:soc|picorv32:cpu|cpuregs_rtl_0                                                                                                                      ;
; picosoc_AIP:soc|picorv32:cpu|cpuregs_rtl_0_bypass[28]                                                                                                                      ; picosoc_AIP:soc|picorv32:cpu|cpuregs_rtl_0                                                                                                                      ;
; picosoc_AIP:soc|picorv32:cpu|cpuregs_rtl_0_bypass[29]                                                                                                                      ; picosoc_AIP:soc|picorv32:cpu|cpuregs_rtl_0                                                                                                                      ;
; picosoc_AIP:soc|picorv32:cpu|cpuregs_rtl_0_bypass[30]                                                                                                                      ; picosoc_AIP:soc|picorv32:cpu|cpuregs_rtl_0                                                                                                                      ;
; picosoc_AIP:soc|picorv32:cpu|cpuregs_rtl_0_bypass[31]                                                                                                                      ; picosoc_AIP:soc|picorv32:cpu|cpuregs_rtl_0                                                                                                                      ;
; picosoc_AIP:soc|picorv32:cpu|cpuregs_rtl_0_bypass[32]                                                                                                                      ; picosoc_AIP:soc|picorv32:cpu|cpuregs_rtl_0                                                                                                                      ;
; picosoc_AIP:soc|picorv32:cpu|cpuregs_rtl_0_bypass[33]                                                                                                                      ; picosoc_AIP:soc|picorv32:cpu|cpuregs_rtl_0                                                                                                                      ;
; picosoc_AIP:soc|picorv32:cpu|cpuregs_rtl_0_bypass[34]                                                                                                                      ; picosoc_AIP:soc|picorv32:cpu|cpuregs_rtl_0                                                                                                                      ;
; picosoc_AIP:soc|picorv32:cpu|cpuregs_rtl_0_bypass[35]                                                                                                                      ; picosoc_AIP:soc|picorv32:cpu|cpuregs_rtl_0                                                                                                                      ;
; picosoc_AIP:soc|picorv32:cpu|cpuregs_rtl_0_bypass[36]                                                                                                                      ; picosoc_AIP:soc|picorv32:cpu|cpuregs_rtl_0                                                                                                                      ;
; picosoc_AIP:soc|picorv32:cpu|cpuregs_rtl_0_bypass[37]                                                                                                                      ; picosoc_AIP:soc|picorv32:cpu|cpuregs_rtl_0                                                                                                                      ;
; picosoc_AIP:soc|picorv32:cpu|cpuregs_rtl_0_bypass[38]                                                                                                                      ; picosoc_AIP:soc|picorv32:cpu|cpuregs_rtl_0                                                                                                                      ;
; picosoc_AIP:soc|picorv32:cpu|cpuregs_rtl_0_bypass[39]                                                                                                                      ; picosoc_AIP:soc|picorv32:cpu|cpuregs_rtl_0                                                                                                                      ;
; picosoc_AIP:soc|picorv32:cpu|cpuregs_rtl_0_bypass[40]                                                                                                                      ; picosoc_AIP:soc|picorv32:cpu|cpuregs_rtl_0                                                                                                                      ;
; picosoc_AIP:soc|picorv32:cpu|cpuregs_rtl_0_bypass[41]                                                                                                                      ; picosoc_AIP:soc|picorv32:cpu|cpuregs_rtl_0                                                                                                                      ;
; picosoc_AIP:soc|picorv32:cpu|cpuregs_rtl_0_bypass[42]                                                                                                                      ; picosoc_AIP:soc|picorv32:cpu|cpuregs_rtl_0                                                                                                                      ;
; picosoc_AIP:soc|picorv32:cpu|cpuregs_rtl_0_bypass[43]                                                                                                                      ; picosoc_AIP:soc|picorv32:cpu|cpuregs_rtl_0                                                                                                                      ;
; picosoc_AIP:soc|picorv32:cpu|cpuregs_rtl_0_bypass[44]                                                                                                                      ; picosoc_AIP:soc|picorv32:cpu|cpuregs_rtl_0                                                                                                                      ;
; picosoc_AIP:soc|picorv32:cpu|cpuregs_rtl_1_bypass[0]                                                                                                                       ; picosoc_AIP:soc|picorv32:cpu|cpuregs_rtl_1                                                                                                                      ;
; picosoc_AIP:soc|picorv32:cpu|cpuregs_rtl_1_bypass[1]                                                                                                                       ; picosoc_AIP:soc|picorv32:cpu|cpuregs_rtl_1                                                                                                                      ;
; picosoc_AIP:soc|picorv32:cpu|cpuregs_rtl_1_bypass[2]                                                                                                                       ; picosoc_AIP:soc|picorv32:cpu|cpuregs_rtl_1                                                                                                                      ;
; picosoc_AIP:soc|picorv32:cpu|cpuregs_rtl_1_bypass[3]                                                                                                                       ; picosoc_AIP:soc|picorv32:cpu|cpuregs_rtl_1                                                                                                                      ;
; picosoc_AIP:soc|picorv32:cpu|cpuregs_rtl_1_bypass[4]                                                                                                                       ; picosoc_AIP:soc|picorv32:cpu|cpuregs_rtl_1                                                                                                                      ;
; picosoc_AIP:soc|picorv32:cpu|cpuregs_rtl_1_bypass[5]                                                                                                                       ; picosoc_AIP:soc|picorv32:cpu|cpuregs_rtl_1                                                                                                                      ;
; picosoc_AIP:soc|picorv32:cpu|cpuregs_rtl_1_bypass[6]                                                                                                                       ; picosoc_AIP:soc|picorv32:cpu|cpuregs_rtl_1                                                                                                                      ;
; picosoc_AIP:soc|picorv32:cpu|cpuregs_rtl_1_bypass[7]                                                                                                                       ; picosoc_AIP:soc|picorv32:cpu|cpuregs_rtl_1                                                                                                                      ;
; picosoc_AIP:soc|picorv32:cpu|cpuregs_rtl_1_bypass[8]                                                                                                                       ; picosoc_AIP:soc|picorv32:cpu|cpuregs_rtl_1                                                                                                                      ;
; picosoc_AIP:soc|picorv32:cpu|cpuregs_rtl_1_bypass[9]                                                                                                                       ; picosoc_AIP:soc|picorv32:cpu|cpuregs_rtl_1                                                                                                                      ;
; picosoc_AIP:soc|picorv32:cpu|cpuregs_rtl_1_bypass[10]                                                                                                                      ; picosoc_AIP:soc|picorv32:cpu|cpuregs_rtl_1                                                                                                                      ;
; picosoc_AIP:soc|picorv32:cpu|cpuregs_rtl_1_bypass[11]                                                                                                                      ; picosoc_AIP:soc|picorv32:cpu|cpuregs_rtl_1                                                                                                                      ;
; picosoc_AIP:soc|picorv32:cpu|cpuregs_rtl_1_bypass[12]                                                                                                                      ; picosoc_AIP:soc|picorv32:cpu|cpuregs_rtl_1                                                                                                                      ;
; picosoc_AIP:soc|picorv32:cpu|cpuregs_rtl_1_bypass[13]                                                                                                                      ; picosoc_AIP:soc|picorv32:cpu|cpuregs_rtl_1                                                                                                                      ;
; picosoc_AIP:soc|picorv32:cpu|cpuregs_rtl_1_bypass[14]                                                                                                                      ; picosoc_AIP:soc|picorv32:cpu|cpuregs_rtl_1                                                                                                                      ;
; picosoc_AIP:soc|picorv32:cpu|cpuregs_rtl_1_bypass[15]                                                                                                                      ; picosoc_AIP:soc|picorv32:cpu|cpuregs_rtl_1                                                                                                                      ;
; picosoc_AIP:soc|picorv32:cpu|cpuregs_rtl_1_bypass[16]                                                                                                                      ; picosoc_AIP:soc|picorv32:cpu|cpuregs_rtl_1                                                                                                                      ;
; picosoc_AIP:soc|picorv32:cpu|cpuregs_rtl_1_bypass[17]                                                                                                                      ; picosoc_AIP:soc|picorv32:cpu|cpuregs_rtl_1                                                                                                                      ;
; picosoc_AIP:soc|picorv32:cpu|cpuregs_rtl_1_bypass[18]                                                                                                                      ; picosoc_AIP:soc|picorv32:cpu|cpuregs_rtl_1                                                                                                                      ;
; picosoc_AIP:soc|picorv32:cpu|cpuregs_rtl_1_bypass[19]                                                                                                                      ; picosoc_AIP:soc|picorv32:cpu|cpuregs_rtl_1                                                                                                                      ;
; picosoc_AIP:soc|picorv32:cpu|cpuregs_rtl_1_bypass[20]                                                                                                                      ; picosoc_AIP:soc|picorv32:cpu|cpuregs_rtl_1                                                                                                                      ;
; picosoc_AIP:soc|picorv32:cpu|cpuregs_rtl_1_bypass[21]                                                                                                                      ; picosoc_AIP:soc|picorv32:cpu|cpuregs_rtl_1                                                                                                                      ;
; picosoc_AIP:soc|picorv32:cpu|cpuregs_rtl_1_bypass[22]                                                                                                                      ; picosoc_AIP:soc|picorv32:cpu|cpuregs_rtl_1                                                                                                                      ;
; picosoc_AIP:soc|picorv32:cpu|cpuregs_rtl_1_bypass[23]                                                                                                                      ; picosoc_AIP:soc|picorv32:cpu|cpuregs_rtl_1                                                                                                                      ;
; picosoc_AIP:soc|picorv32:cpu|cpuregs_rtl_1_bypass[24]                                                                                                                      ; picosoc_AIP:soc|picorv32:cpu|cpuregs_rtl_1                                                                                                                      ;
; picosoc_AIP:soc|picorv32:cpu|cpuregs_rtl_1_bypass[25]                                                                                                                      ; picosoc_AIP:soc|picorv32:cpu|cpuregs_rtl_1                                                                                                                      ;
; picosoc_AIP:soc|picorv32:cpu|cpuregs_rtl_1_bypass[26]                                                                                                                      ; picosoc_AIP:soc|picorv32:cpu|cpuregs_rtl_1                                                                                                                      ;
; picosoc_AIP:soc|picorv32:cpu|cpuregs_rtl_1_bypass[27]                                                                                                                      ; picosoc_AIP:soc|picorv32:cpu|cpuregs_rtl_1                                                                                                                      ;
; picosoc_AIP:soc|picorv32:cpu|cpuregs_rtl_1_bypass[28]                                                                                                                      ; picosoc_AIP:soc|picorv32:cpu|cpuregs_rtl_1                                                                                                                      ;
; picosoc_AIP:soc|picorv32:cpu|cpuregs_rtl_1_bypass[29]                                                                                                                      ; picosoc_AIP:soc|picorv32:cpu|cpuregs_rtl_1                                                                                                                      ;
; picosoc_AIP:soc|picorv32:cpu|cpuregs_rtl_1_bypass[30]                                                                                                                      ; picosoc_AIP:soc|picorv32:cpu|cpuregs_rtl_1                                                                                                                      ;
; picosoc_AIP:soc|picorv32:cpu|cpuregs_rtl_1_bypass[31]                                                                                                                      ; picosoc_AIP:soc|picorv32:cpu|cpuregs_rtl_1                                                                                                                      ;
; picosoc_AIP:soc|picorv32:cpu|cpuregs_rtl_1_bypass[32]                                                                                                                      ; picosoc_AIP:soc|picorv32:cpu|cpuregs_rtl_1                                                                                                                      ;
; picosoc_AIP:soc|picorv32:cpu|cpuregs_rtl_1_bypass[33]                                                                                                                      ; picosoc_AIP:soc|picorv32:cpu|cpuregs_rtl_1                                                                                                                      ;
; picosoc_AIP:soc|picorv32:cpu|cpuregs_rtl_1_bypass[34]                                                                                                                      ; picosoc_AIP:soc|picorv32:cpu|cpuregs_rtl_1                                                                                                                      ;
; picosoc_AIP:soc|picorv32:cpu|cpuregs_rtl_1_bypass[35]                                                                                                                      ; picosoc_AIP:soc|picorv32:cpu|cpuregs_rtl_1                                                                                                                      ;
; picosoc_AIP:soc|picorv32:cpu|cpuregs_rtl_1_bypass[36]                                                                                                                      ; picosoc_AIP:soc|picorv32:cpu|cpuregs_rtl_1                                                                                                                      ;
; picosoc_AIP:soc|picorv32:cpu|cpuregs_rtl_1_bypass[37]                                                                                                                      ; picosoc_AIP:soc|picorv32:cpu|cpuregs_rtl_1                                                                                                                      ;
; picosoc_AIP:soc|picorv32:cpu|cpuregs_rtl_1_bypass[38]                                                                                                                      ; picosoc_AIP:soc|picorv32:cpu|cpuregs_rtl_1                                                                                                                      ;
; picosoc_AIP:soc|picorv32:cpu|cpuregs_rtl_1_bypass[39]                                                                                                                      ; picosoc_AIP:soc|picorv32:cpu|cpuregs_rtl_1                                                                                                                      ;
; picosoc_AIP:soc|picorv32:cpu|cpuregs_rtl_1_bypass[40]                                                                                                                      ; picosoc_AIP:soc|picorv32:cpu|cpuregs_rtl_1                                                                                                                      ;
; picosoc_AIP:soc|picorv32:cpu|cpuregs_rtl_1_bypass[41]                                                                                                                      ; picosoc_AIP:soc|picorv32:cpu|cpuregs_rtl_1                                                                                                                      ;
; picosoc_AIP:soc|picorv32:cpu|cpuregs_rtl_1_bypass[42]                                                                                                                      ; picosoc_AIP:soc|picorv32:cpu|cpuregs_rtl_1                                                                                                                      ;
; picosoc_AIP:soc|picorv32:cpu|cpuregs_rtl_1_bypass[43]                                                                                                                      ; picosoc_AIP:soc|picorv32:cpu|cpuregs_rtl_1                                                                                                                      ;
; picosoc_AIP:soc|picorv32:cpu|cpuregs_rtl_1_bypass[44]                                                                                                                      ; picosoc_AIP:soc|picorv32:cpu|cpuregs_rtl_1                                                                                                                      ;
; picosoc_AIP:soc|ID00001001_dummy:DUMMY0|ID00001001_aip:INTERFACE|ID00001001_aipModules:AIP|simple_dual_port_ram_single_clk:MEMOUT[0].MEMOUT|RAM_Structure_rtl_0_bypass[0]  ; picosoc_AIP:soc|ID00001001_dummy:DUMMY0|ID00001001_aip:INTERFACE|ID00001001_aipModules:AIP|simple_dual_port_ram_single_clk:MEMOUT[0].MEMOUT|RAM_Structure_rtl_0 ;
; picosoc_AIP:soc|ID00001001_dummy:DUMMY0|ID00001001_aip:INTERFACE|ID00001001_aipModules:AIP|simple_dual_port_ram_single_clk:MEMOUT[0].MEMOUT|RAM_Structure_rtl_0_bypass[1]  ; picosoc_AIP:soc|ID00001001_dummy:DUMMY0|ID00001001_aip:INTERFACE|ID00001001_aipModules:AIP|simple_dual_port_ram_single_clk:MEMOUT[0].MEMOUT|RAM_Structure_rtl_0 ;
; picosoc_AIP:soc|ID00001001_dummy:DUMMY0|ID00001001_aip:INTERFACE|ID00001001_aipModules:AIP|simple_dual_port_ram_single_clk:MEMOUT[0].MEMOUT|RAM_Structure_rtl_0_bypass[2]  ; picosoc_AIP:soc|ID00001001_dummy:DUMMY0|ID00001001_aip:INTERFACE|ID00001001_aipModules:AIP|simple_dual_port_ram_single_clk:MEMOUT[0].MEMOUT|RAM_Structure_rtl_0 ;
; picosoc_AIP:soc|ID00001001_dummy:DUMMY0|ID00001001_aip:INTERFACE|ID00001001_aipModules:AIP|simple_dual_port_ram_single_clk:MEMOUT[0].MEMOUT|RAM_Structure_rtl_0_bypass[3]  ; picosoc_AIP:soc|ID00001001_dummy:DUMMY0|ID00001001_aip:INTERFACE|ID00001001_aipModules:AIP|simple_dual_port_ram_single_clk:MEMOUT[0].MEMOUT|RAM_Structure_rtl_0 ;
; picosoc_AIP:soc|ID00001001_dummy:DUMMY0|ID00001001_aip:INTERFACE|ID00001001_aipModules:AIP|simple_dual_port_ram_single_clk:MEMOUT[0].MEMOUT|RAM_Structure_rtl_0_bypass[4]  ; picosoc_AIP:soc|ID00001001_dummy:DUMMY0|ID00001001_aip:INTERFACE|ID00001001_aipModules:AIP|simple_dual_port_ram_single_clk:MEMOUT[0].MEMOUT|RAM_Structure_rtl_0 ;
; picosoc_AIP:soc|ID00001001_dummy:DUMMY0|ID00001001_aip:INTERFACE|ID00001001_aipModules:AIP|simple_dual_port_ram_single_clk:MEMOUT[0].MEMOUT|RAM_Structure_rtl_0_bypass[5]  ; picosoc_AIP:soc|ID00001001_dummy:DUMMY0|ID00001001_aip:INTERFACE|ID00001001_aipModules:AIP|simple_dual_port_ram_single_clk:MEMOUT[0].MEMOUT|RAM_Structure_rtl_0 ;
; picosoc_AIP:soc|ID00001001_dummy:DUMMY0|ID00001001_aip:INTERFACE|ID00001001_aipModules:AIP|simple_dual_port_ram_single_clk:MEMOUT[0].MEMOUT|RAM_Structure_rtl_0_bypass[6]  ; picosoc_AIP:soc|ID00001001_dummy:DUMMY0|ID00001001_aip:INTERFACE|ID00001001_aipModules:AIP|simple_dual_port_ram_single_clk:MEMOUT[0].MEMOUT|RAM_Structure_rtl_0 ;
; picosoc_AIP:soc|ID00001001_dummy:DUMMY0|ID00001001_aip:INTERFACE|ID00001001_aipModules:AIP|simple_dual_port_ram_single_clk:MEMOUT[0].MEMOUT|RAM_Structure_rtl_0_bypass[7]  ; picosoc_AIP:soc|ID00001001_dummy:DUMMY0|ID00001001_aip:INTERFACE|ID00001001_aipModules:AIP|simple_dual_port_ram_single_clk:MEMOUT[0].MEMOUT|RAM_Structure_rtl_0 ;
; picosoc_AIP:soc|ID00001001_dummy:DUMMY0|ID00001001_aip:INTERFACE|ID00001001_aipModules:AIP|simple_dual_port_ram_single_clk:MEMOUT[0].MEMOUT|RAM_Structure_rtl_0_bypass[8]  ; picosoc_AIP:soc|ID00001001_dummy:DUMMY0|ID00001001_aip:INTERFACE|ID00001001_aipModules:AIP|simple_dual_port_ram_single_clk:MEMOUT[0].MEMOUT|RAM_Structure_rtl_0 ;
; picosoc_AIP:soc|ID00001001_dummy:DUMMY0|ID00001001_aip:INTERFACE|ID00001001_aipModules:AIP|simple_dual_port_ram_single_clk:MEMOUT[0].MEMOUT|RAM_Structure_rtl_0_bypass[9]  ; picosoc_AIP:soc|ID00001001_dummy:DUMMY0|ID00001001_aip:INTERFACE|ID00001001_aipModules:AIP|simple_dual_port_ram_single_clk:MEMOUT[0].MEMOUT|RAM_Structure_rtl_0 ;
; picosoc_AIP:soc|ID00001001_dummy:DUMMY0|ID00001001_aip:INTERFACE|ID00001001_aipModules:AIP|simple_dual_port_ram_single_clk:MEMOUT[0].MEMOUT|RAM_Structure_rtl_0_bypass[10] ; picosoc_AIP:soc|ID00001001_dummy:DUMMY0|ID00001001_aip:INTERFACE|ID00001001_aipModules:AIP|simple_dual_port_ram_single_clk:MEMOUT[0].MEMOUT|RAM_Structure_rtl_0 ;
; picosoc_AIP:soc|ID00001001_dummy:DUMMY0|ID00001001_aip:INTERFACE|ID00001001_aipModules:AIP|simple_dual_port_ram_single_clk:MEMOUT[0].MEMOUT|RAM_Structure_rtl_0_bypass[11] ; picosoc_AIP:soc|ID00001001_dummy:DUMMY0|ID00001001_aip:INTERFACE|ID00001001_aipModules:AIP|simple_dual_port_ram_single_clk:MEMOUT[0].MEMOUT|RAM_Structure_rtl_0 ;
; picosoc_AIP:soc|ID00001001_dummy:DUMMY0|ID00001001_aip:INTERFACE|ID00001001_aipModules:AIP|simple_dual_port_ram_single_clk:MEMOUT[0].MEMOUT|RAM_Structure_rtl_0_bypass[12] ; picosoc_AIP:soc|ID00001001_dummy:DUMMY0|ID00001001_aip:INTERFACE|ID00001001_aipModules:AIP|simple_dual_port_ram_single_clk:MEMOUT[0].MEMOUT|RAM_Structure_rtl_0 ;
; picosoc_AIP:soc|ID00001001_dummy:DUMMY0|ID00001001_aip:INTERFACE|ID00001001_aipModules:AIP|simple_dual_port_ram_single_clk:MEMOUT[0].MEMOUT|RAM_Structure_rtl_0_bypass[13] ; picosoc_AIP:soc|ID00001001_dummy:DUMMY0|ID00001001_aip:INTERFACE|ID00001001_aipModules:AIP|simple_dual_port_ram_single_clk:MEMOUT[0].MEMOUT|RAM_Structure_rtl_0 ;
; picosoc_AIP:soc|ID00001001_dummy:DUMMY0|ID00001001_aip:INTERFACE|ID00001001_aipModules:AIP|simple_dual_port_ram_single_clk:MEMOUT[0].MEMOUT|RAM_Structure_rtl_0_bypass[14] ; picosoc_AIP:soc|ID00001001_dummy:DUMMY0|ID00001001_aip:INTERFACE|ID00001001_aipModules:AIP|simple_dual_port_ram_single_clk:MEMOUT[0].MEMOUT|RAM_Structure_rtl_0 ;
; picosoc_AIP:soc|ID00001001_dummy:DUMMY0|ID00001001_aip:INTERFACE|ID00001001_aipModules:AIP|simple_dual_port_ram_single_clk:MEMOUT[0].MEMOUT|RAM_Structure_rtl_0_bypass[15] ; picosoc_AIP:soc|ID00001001_dummy:DUMMY0|ID00001001_aip:INTERFACE|ID00001001_aipModules:AIP|simple_dual_port_ram_single_clk:MEMOUT[0].MEMOUT|RAM_Structure_rtl_0 ;
; picosoc_AIP:soc|ID00001001_dummy:DUMMY0|ID00001001_aip:INTERFACE|ID00001001_aipModules:AIP|simple_dual_port_ram_single_clk:MEMOUT[0].MEMOUT|RAM_Structure_rtl_0_bypass[16] ; picosoc_AIP:soc|ID00001001_dummy:DUMMY0|ID00001001_aip:INTERFACE|ID00001001_aipModules:AIP|simple_dual_port_ram_single_clk:MEMOUT[0].MEMOUT|RAM_Structure_rtl_0 ;
; picosoc_AIP:soc|ID00001001_dummy:DUMMY0|ID00001001_aip:INTERFACE|ID00001001_aipModules:AIP|simple_dual_port_ram_single_clk:MEMOUT[0].MEMOUT|RAM_Structure_rtl_0_bypass[17] ; picosoc_AIP:soc|ID00001001_dummy:DUMMY0|ID00001001_aip:INTERFACE|ID00001001_aipModules:AIP|simple_dual_port_ram_single_clk:MEMOUT[0].MEMOUT|RAM_Structure_rtl_0 ;
; picosoc_AIP:soc|ID00001001_dummy:DUMMY0|ID00001001_aip:INTERFACE|ID00001001_aipModules:AIP|simple_dual_port_ram_single_clk:MEMOUT[0].MEMOUT|RAM_Structure_rtl_0_bypass[18] ; picosoc_AIP:soc|ID00001001_dummy:DUMMY0|ID00001001_aip:INTERFACE|ID00001001_aipModules:AIP|simple_dual_port_ram_single_clk:MEMOUT[0].MEMOUT|RAM_Structure_rtl_0 ;
; picosoc_AIP:soc|ID00001001_dummy:DUMMY0|ID00001001_aip:INTERFACE|ID00001001_aipModules:AIP|simple_dual_port_ram_single_clk:MEMOUT[0].MEMOUT|RAM_Structure_rtl_0_bypass[19] ; picosoc_AIP:soc|ID00001001_dummy:DUMMY0|ID00001001_aip:INTERFACE|ID00001001_aipModules:AIP|simple_dual_port_ram_single_clk:MEMOUT[0].MEMOUT|RAM_Structure_rtl_0 ;
; picosoc_AIP:soc|ID00001001_dummy:DUMMY0|ID00001001_aip:INTERFACE|ID00001001_aipModules:AIP|simple_dual_port_ram_single_clk:MEMOUT[0].MEMOUT|RAM_Structure_rtl_0_bypass[20] ; picosoc_AIP:soc|ID00001001_dummy:DUMMY0|ID00001001_aip:INTERFACE|ID00001001_aipModules:AIP|simple_dual_port_ram_single_clk:MEMOUT[0].MEMOUT|RAM_Structure_rtl_0 ;
; picosoc_AIP:soc|ID00001001_dummy:DUMMY0|ID00001001_aip:INTERFACE|ID00001001_aipModules:AIP|simple_dual_port_ram_single_clk:MEMOUT[0].MEMOUT|RAM_Structure_rtl_0_bypass[21] ; picosoc_AIP:soc|ID00001001_dummy:DUMMY0|ID00001001_aip:INTERFACE|ID00001001_aipModules:AIP|simple_dual_port_ram_single_clk:MEMOUT[0].MEMOUT|RAM_Structure_rtl_0 ;
; picosoc_AIP:soc|ID00001001_dummy:DUMMY0|ID00001001_aip:INTERFACE|ID00001001_aipModules:AIP|simple_dual_port_ram_single_clk:MEMOUT[0].MEMOUT|RAM_Structure_rtl_0_bypass[22] ; picosoc_AIP:soc|ID00001001_dummy:DUMMY0|ID00001001_aip:INTERFACE|ID00001001_aipModules:AIP|simple_dual_port_ram_single_clk:MEMOUT[0].MEMOUT|RAM_Structure_rtl_0 ;
; picosoc_AIP:soc|ID00001001_dummy:DUMMY0|ID00001001_aip:INTERFACE|ID00001001_aipModules:AIP|simple_dual_port_ram_single_clk:MEMOUT[0].MEMOUT|RAM_Structure_rtl_0_bypass[23] ; picosoc_AIP:soc|ID00001001_dummy:DUMMY0|ID00001001_aip:INTERFACE|ID00001001_aipModules:AIP|simple_dual_port_ram_single_clk:MEMOUT[0].MEMOUT|RAM_Structure_rtl_0 ;
; picosoc_AIP:soc|ID00001001_dummy:DUMMY0|ID00001001_aip:INTERFACE|ID00001001_aipModules:AIP|simple_dual_port_ram_single_clk:MEMOUT[0].MEMOUT|RAM_Structure_rtl_0_bypass[24] ; picosoc_AIP:soc|ID00001001_dummy:DUMMY0|ID00001001_aip:INTERFACE|ID00001001_aipModules:AIP|simple_dual_port_ram_single_clk:MEMOUT[0].MEMOUT|RAM_Structure_rtl_0 ;
; picosoc_AIP:soc|ID00001001_dummy:DUMMY0|ID00001001_aip:INTERFACE|ID00001001_aipModules:AIP|simple_dual_port_ram_single_clk:MEMOUT[0].MEMOUT|RAM_Structure_rtl_0_bypass[25] ; picosoc_AIP:soc|ID00001001_dummy:DUMMY0|ID00001001_aip:INTERFACE|ID00001001_aipModules:AIP|simple_dual_port_ram_single_clk:MEMOUT[0].MEMOUT|RAM_Structure_rtl_0 ;
; picosoc_AIP:soc|ID00001001_dummy:DUMMY0|ID00001001_aip:INTERFACE|ID00001001_aipModules:AIP|simple_dual_port_ram_single_clk:MEMOUT[0].MEMOUT|RAM_Structure_rtl_0_bypass[26] ; picosoc_AIP:soc|ID00001001_dummy:DUMMY0|ID00001001_aip:INTERFACE|ID00001001_aipModules:AIP|simple_dual_port_ram_single_clk:MEMOUT[0].MEMOUT|RAM_Structure_rtl_0 ;
; picosoc_AIP:soc|ID00001001_dummy:DUMMY0|ID00001001_aip:INTERFACE|ID00001001_aipModules:AIP|simple_dual_port_ram_single_clk:MEMOUT[0].MEMOUT|RAM_Structure_rtl_0_bypass[27] ; picosoc_AIP:soc|ID00001001_dummy:DUMMY0|ID00001001_aip:INTERFACE|ID00001001_aipModules:AIP|simple_dual_port_ram_single_clk:MEMOUT[0].MEMOUT|RAM_Structure_rtl_0 ;
; picosoc_AIP:soc|ID00001001_dummy:DUMMY0|ID00001001_aip:INTERFACE|ID00001001_aipModules:AIP|simple_dual_port_ram_single_clk:MEMOUT[0].MEMOUT|RAM_Structure_rtl_0_bypass[28] ; picosoc_AIP:soc|ID00001001_dummy:DUMMY0|ID00001001_aip:INTERFACE|ID00001001_aipModules:AIP|simple_dual_port_ram_single_clk:MEMOUT[0].MEMOUT|RAM_Structure_rtl_0 ;
; picosoc_AIP:soc|ID00001001_dummy:DUMMY0|ID00001001_aip:INTERFACE|ID00001001_aipModules:AIP|simple_dual_port_ram_single_clk:MEMOUT[0].MEMOUT|RAM_Structure_rtl_0_bypass[29] ; picosoc_AIP:soc|ID00001001_dummy:DUMMY0|ID00001001_aip:INTERFACE|ID00001001_aipModules:AIP|simple_dual_port_ram_single_clk:MEMOUT[0].MEMOUT|RAM_Structure_rtl_0 ;
; picosoc_AIP:soc|ID00001001_dummy:DUMMY0|ID00001001_aip:INTERFACE|ID00001001_aipModules:AIP|simple_dual_port_ram_single_clk:MEMOUT[0].MEMOUT|RAM_Structure_rtl_0_bypass[30] ; picosoc_AIP:soc|ID00001001_dummy:DUMMY0|ID00001001_aip:INTERFACE|ID00001001_aipModules:AIP|simple_dual_port_ram_single_clk:MEMOUT[0].MEMOUT|RAM_Structure_rtl_0 ;
; picosoc_AIP:soc|ID00001001_dummy:DUMMY0|ID00001001_aip:INTERFACE|ID00001001_aipModules:AIP|simple_dual_port_ram_single_clk:MEMOUT[0].MEMOUT|RAM_Structure_rtl_0_bypass[31] ; picosoc_AIP:soc|ID00001001_dummy:DUMMY0|ID00001001_aip:INTERFACE|ID00001001_aipModules:AIP|simple_dual_port_ram_single_clk:MEMOUT[0].MEMOUT|RAM_Structure_rtl_0 ;
; picosoc_AIP:soc|ID00001001_dummy:DUMMY0|ID00001001_aip:INTERFACE|ID00001001_aipModules:AIP|simple_dual_port_ram_single_clk:MEMOUT[0].MEMOUT|RAM_Structure_rtl_0_bypass[32] ; picosoc_AIP:soc|ID00001001_dummy:DUMMY0|ID00001001_aip:INTERFACE|ID00001001_aipModules:AIP|simple_dual_port_ram_single_clk:MEMOUT[0].MEMOUT|RAM_Structure_rtl_0 ;
; picosoc_AIP:soc|ID00001001_dummy:DUMMY0|ID00001001_aip:INTERFACE|ID00001001_aipModules:AIP|simple_dual_port_ram_single_clk:MEMOUT[0].MEMOUT|RAM_Structure_rtl_0_bypass[33] ; picosoc_AIP:soc|ID00001001_dummy:DUMMY0|ID00001001_aip:INTERFACE|ID00001001_aipModules:AIP|simple_dual_port_ram_single_clk:MEMOUT[0].MEMOUT|RAM_Structure_rtl_0 ;
; picosoc_AIP:soc|ID00001001_dummy:DUMMY0|ID00001001_aip:INTERFACE|ID00001001_aipModules:AIP|simple_dual_port_ram_single_clk:MEMOUT[0].MEMOUT|RAM_Structure_rtl_0_bypass[34] ; picosoc_AIP:soc|ID00001001_dummy:DUMMY0|ID00001001_aip:INTERFACE|ID00001001_aipModules:AIP|simple_dual_port_ram_single_clk:MEMOUT[0].MEMOUT|RAM_Structure_rtl_0 ;
; picosoc_AIP:soc|ID00001001_dummy:DUMMY0|ID00001001_aip:INTERFACE|ID00001001_aipModules:AIP|simple_dual_port_ram_single_clk:MEMOUT[0].MEMOUT|RAM_Structure_rtl_0_bypass[35] ; picosoc_AIP:soc|ID00001001_dummy:DUMMY0|ID00001001_aip:INTERFACE|ID00001001_aipModules:AIP|simple_dual_port_ram_single_clk:MEMOUT[0].MEMOUT|RAM_Structure_rtl_0 ;
; picosoc_AIP:soc|ID00001001_dummy:DUMMY0|ID00001001_aip:INTERFACE|ID00001001_aipModules:AIP|simple_dual_port_ram_single_clk:MEMOUT[0].MEMOUT|RAM_Structure_rtl_0_bypass[36] ; picosoc_AIP:soc|ID00001001_dummy:DUMMY0|ID00001001_aip:INTERFACE|ID00001001_aipModules:AIP|simple_dual_port_ram_single_clk:MEMOUT[0].MEMOUT|RAM_Structure_rtl_0 ;
; picosoc_AIP:soc|ID00001001_dummy:DUMMY0|ID00001001_aip:INTERFACE|ID00001001_aipModules:AIP|simple_dual_port_ram_single_clk:MEMOUT[0].MEMOUT|RAM_Structure_rtl_0_bypass[37] ; picosoc_AIP:soc|ID00001001_dummy:DUMMY0|ID00001001_aip:INTERFACE|ID00001001_aipModules:AIP|simple_dual_port_ram_single_clk:MEMOUT[0].MEMOUT|RAM_Structure_rtl_0 ;
; picosoc_AIP:soc|ID00001001_dummy:DUMMY0|ID00001001_aip:INTERFACE|ID00001001_aipModules:AIP|simple_dual_port_ram_single_clk:MEMOUT[0].MEMOUT|RAM_Structure_rtl_0_bypass[38] ; picosoc_AIP:soc|ID00001001_dummy:DUMMY0|ID00001001_aip:INTERFACE|ID00001001_aipModules:AIP|simple_dual_port_ram_single_clk:MEMOUT[0].MEMOUT|RAM_Structure_rtl_0 ;
; picosoc_AIP:soc|ID00001001_dummy:DUMMY0|ID00001001_aip:INTERFACE|ID00001001_aipModules:AIP|simple_dual_port_ram_single_clk:MEMOUT[0].MEMOUT|RAM_Structure_rtl_0_bypass[39] ; picosoc_AIP:soc|ID00001001_dummy:DUMMY0|ID00001001_aip:INTERFACE|ID00001001_aipModules:AIP|simple_dual_port_ram_single_clk:MEMOUT[0].MEMOUT|RAM_Structure_rtl_0 ;
; picosoc_AIP:soc|ID00001001_dummy:DUMMY0|ID00001001_aip:INTERFACE|ID00001001_aipModules:AIP|simple_dual_port_ram_single_clk:MEMOUT[0].MEMOUT|RAM_Structure_rtl_0_bypass[40] ; picosoc_AIP:soc|ID00001001_dummy:DUMMY0|ID00001001_aip:INTERFACE|ID00001001_aipModules:AIP|simple_dual_port_ram_single_clk:MEMOUT[0].MEMOUT|RAM_Structure_rtl_0 ;
; picosoc_AIP:soc|ID00001001_dummy:DUMMY0|ID00001001_aip:INTERFACE|ID00001001_aipModules:AIP|simple_dual_port_ram_single_clk:MEMOUT[0].MEMOUT|RAM_Structure_rtl_0_bypass[41] ; picosoc_AIP:soc|ID00001001_dummy:DUMMY0|ID00001001_aip:INTERFACE|ID00001001_aipModules:AIP|simple_dual_port_ram_single_clk:MEMOUT[0].MEMOUT|RAM_Structure_rtl_0 ;
; picosoc_AIP:soc|ID00001001_dummy:DUMMY0|ID00001001_aip:INTERFACE|ID00001001_aipModules:AIP|simple_dual_port_ram_single_clk:MEMOUT[0].MEMOUT|RAM_Structure_rtl_0_bypass[42] ; picosoc_AIP:soc|ID00001001_dummy:DUMMY0|ID00001001_aip:INTERFACE|ID00001001_aipModules:AIP|simple_dual_port_ram_single_clk:MEMOUT[0].MEMOUT|RAM_Structure_rtl_0 ;
; picosoc_AIP:soc|ID00001001_dummy:DUMMY0|ID00001001_aip:INTERFACE|ID00001001_aipModules:AIP|simple_dual_port_ram_single_clk:MEMOUT[0].MEMOUT|RAM_Structure_rtl_0_bypass[43] ; picosoc_AIP:soc|ID00001001_dummy:DUMMY0|ID00001001_aip:INTERFACE|ID00001001_aipModules:AIP|simple_dual_port_ram_single_clk:MEMOUT[0].MEMOUT|RAM_Structure_rtl_0 ;
; picosoc_AIP:soc|ID00001001_dummy:DUMMY0|ID00001001_aip:INTERFACE|ID00001001_aipModules:AIP|simple_dual_port_ram_single_clk:MEMOUT[0].MEMOUT|RAM_Structure_rtl_0_bypass[44] ; picosoc_AIP:soc|ID00001001_dummy:DUMMY0|ID00001001_aip:INTERFACE|ID00001001_aipModules:AIP|simple_dual_port_ram_single_clk:MEMOUT[0].MEMOUT|RAM_Structure_rtl_0 ;
; picosoc_AIP:soc|ID0000200F_aip:interface_PICORV32|ID0000200F_aipModules:AIP|simple_dual_port_ram_single_clk:MEMIN[0].MEMIN|RAM_Structure_rtl_0_bypass[0]                   ; picosoc_AIP:soc|ID0000200F_aip:interface_PICORV32|ID0000200F_aipModules:AIP|simple_dual_port_ram_single_clk:MEMIN[0].MEMIN|RAM_Structure_rtl_0                  ;
; picosoc_AIP:soc|ID0000200F_aip:interface_PICORV32|ID0000200F_aipModules:AIP|simple_dual_port_ram_single_clk:MEMIN[0].MEMIN|RAM_Structure_rtl_0_bypass[1]                   ; picosoc_AIP:soc|ID0000200F_aip:interface_PICORV32|ID0000200F_aipModules:AIP|simple_dual_port_ram_single_clk:MEMIN[0].MEMIN|RAM_Structure_rtl_0                  ;
; picosoc_AIP:soc|ID0000200F_aip:interface_PICORV32|ID0000200F_aipModules:AIP|simple_dual_port_ram_single_clk:MEMIN[0].MEMIN|RAM_Structure_rtl_0_bypass[2]                   ; picosoc_AIP:soc|ID0000200F_aip:interface_PICORV32|ID0000200F_aipModules:AIP|simple_dual_port_ram_single_clk:MEMIN[0].MEMIN|RAM_Structure_rtl_0                  ;
; picosoc_AIP:soc|ID0000200F_aip:interface_PICORV32|ID0000200F_aipModules:AIP|simple_dual_port_ram_single_clk:MEMIN[0].MEMIN|RAM_Structure_rtl_0_bypass[3]                   ; picosoc_AIP:soc|ID0000200F_aip:interface_PICORV32|ID0000200F_aipModules:AIP|simple_dual_port_ram_single_clk:MEMIN[0].MEMIN|RAM_Structure_rtl_0                  ;
; picosoc_AIP:soc|ID0000200F_aip:interface_PICORV32|ID0000200F_aipModules:AIP|simple_dual_port_ram_single_clk:MEMIN[0].MEMIN|RAM_Structure_rtl_0_bypass[4]                   ; picosoc_AIP:soc|ID0000200F_aip:interface_PICORV32|ID0000200F_aipModules:AIP|simple_dual_port_ram_single_clk:MEMIN[0].MEMIN|RAM_Structure_rtl_0                  ;
; picosoc_AIP:soc|ID0000200F_aip:interface_PICORV32|ID0000200F_aipModules:AIP|simple_dual_port_ram_single_clk:MEMIN[0].MEMIN|RAM_Structure_rtl_0_bypass[5]                   ; picosoc_AIP:soc|ID0000200F_aip:interface_PICORV32|ID0000200F_aipModules:AIP|simple_dual_port_ram_single_clk:MEMIN[0].MEMIN|RAM_Structure_rtl_0                  ;
; picosoc_AIP:soc|ID0000200F_aip:interface_PICORV32|ID0000200F_aipModules:AIP|simple_dual_port_ram_single_clk:MEMIN[0].MEMIN|RAM_Structure_rtl_0_bypass[6]                   ; picosoc_AIP:soc|ID0000200F_aip:interface_PICORV32|ID0000200F_aipModules:AIP|simple_dual_port_ram_single_clk:MEMIN[0].MEMIN|RAM_Structure_rtl_0                  ;
; picosoc_AIP:soc|ID0000200F_aip:interface_PICORV32|ID0000200F_aipModules:AIP|simple_dual_port_ram_single_clk:MEMIN[0].MEMIN|RAM_Structure_rtl_0_bypass[7]                   ; picosoc_AIP:soc|ID0000200F_aip:interface_PICORV32|ID0000200F_aipModules:AIP|simple_dual_port_ram_single_clk:MEMIN[0].MEMIN|RAM_Structure_rtl_0                  ;
; picosoc_AIP:soc|ID0000200F_aip:interface_PICORV32|ID0000200F_aipModules:AIP|simple_dual_port_ram_single_clk:MEMIN[0].MEMIN|RAM_Structure_rtl_0_bypass[8]                   ; picosoc_AIP:soc|ID0000200F_aip:interface_PICORV32|ID0000200F_aipModules:AIP|simple_dual_port_ram_single_clk:MEMIN[0].MEMIN|RAM_Structure_rtl_0                  ;
; picosoc_AIP:soc|ID0000200F_aip:interface_PICORV32|ID0000200F_aipModules:AIP|simple_dual_port_ram_single_clk:MEMIN[0].MEMIN|RAM_Structure_rtl_0_bypass[9]                   ; picosoc_AIP:soc|ID0000200F_aip:interface_PICORV32|ID0000200F_aipModules:AIP|simple_dual_port_ram_single_clk:MEMIN[0].MEMIN|RAM_Structure_rtl_0                  ;
; picosoc_AIP:soc|ID0000200F_aip:interface_PICORV32|ID0000200F_aipModules:AIP|simple_dual_port_ram_single_clk:MEMIN[0].MEMIN|RAM_Structure_rtl_0_bypass[10]                  ; picosoc_AIP:soc|ID0000200F_aip:interface_PICORV32|ID0000200F_aipModules:AIP|simple_dual_port_ram_single_clk:MEMIN[0].MEMIN|RAM_Structure_rtl_0                  ;
; picosoc_AIP:soc|ID0000200F_aip:interface_PICORV32|ID0000200F_aipModules:AIP|simple_dual_port_ram_single_clk:MEMIN[0].MEMIN|RAM_Structure_rtl_0_bypass[11]                  ; picosoc_AIP:soc|ID0000200F_aip:interface_PICORV32|ID0000200F_aipModules:AIP|simple_dual_port_ram_single_clk:MEMIN[0].MEMIN|RAM_Structure_rtl_0                  ;
; picosoc_AIP:soc|ID0000200F_aip:interface_PICORV32|ID0000200F_aipModules:AIP|simple_dual_port_ram_single_clk:MEMIN[0].MEMIN|RAM_Structure_rtl_0_bypass[12]                  ; picosoc_AIP:soc|ID0000200F_aip:interface_PICORV32|ID0000200F_aipModules:AIP|simple_dual_port_ram_single_clk:MEMIN[0].MEMIN|RAM_Structure_rtl_0                  ;
; picosoc_AIP:soc|ID0000200F_aip:interface_PICORV32|ID0000200F_aipModules:AIP|simple_dual_port_ram_single_clk:MEMIN[0].MEMIN|RAM_Structure_rtl_0_bypass[13]                  ; picosoc_AIP:soc|ID0000200F_aip:interface_PICORV32|ID0000200F_aipModules:AIP|simple_dual_port_ram_single_clk:MEMIN[0].MEMIN|RAM_Structure_rtl_0                  ;
; picosoc_AIP:soc|ID0000200F_aip:interface_PICORV32|ID0000200F_aipModules:AIP|simple_dual_port_ram_single_clk:MEMIN[0].MEMIN|RAM_Structure_rtl_0_bypass[14]                  ; picosoc_AIP:soc|ID0000200F_aip:interface_PICORV32|ID0000200F_aipModules:AIP|simple_dual_port_ram_single_clk:MEMIN[0].MEMIN|RAM_Structure_rtl_0                  ;
; picosoc_AIP:soc|ID0000200F_aip:interface_PICORV32|ID0000200F_aipModules:AIP|simple_dual_port_ram_single_clk:MEMIN[0].MEMIN|RAM_Structure_rtl_0_bypass[15]                  ; picosoc_AIP:soc|ID0000200F_aip:interface_PICORV32|ID0000200F_aipModules:AIP|simple_dual_port_ram_single_clk:MEMIN[0].MEMIN|RAM_Structure_rtl_0                  ;
; picosoc_AIP:soc|ID0000200F_aip:interface_PICORV32|ID0000200F_aipModules:AIP|simple_dual_port_ram_single_clk:MEMIN[0].MEMIN|RAM_Structure_rtl_0_bypass[16]                  ; picosoc_AIP:soc|ID0000200F_aip:interface_PICORV32|ID0000200F_aipModules:AIP|simple_dual_port_ram_single_clk:MEMIN[0].MEMIN|RAM_Structure_rtl_0                  ;
; picosoc_AIP:soc|ID0000200F_aip:interface_PICORV32|ID0000200F_aipModules:AIP|simple_dual_port_ram_single_clk:MEMIN[0].MEMIN|RAM_Structure_rtl_0_bypass[17]                  ; picosoc_AIP:soc|ID0000200F_aip:interface_PICORV32|ID0000200F_aipModules:AIP|simple_dual_port_ram_single_clk:MEMIN[0].MEMIN|RAM_Structure_rtl_0                  ;
; picosoc_AIP:soc|ID0000200F_aip:interface_PICORV32|ID0000200F_aipModules:AIP|simple_dual_port_ram_single_clk:MEMIN[0].MEMIN|RAM_Structure_rtl_0_bypass[18]                  ; picosoc_AIP:soc|ID0000200F_aip:interface_PICORV32|ID0000200F_aipModules:AIP|simple_dual_port_ram_single_clk:MEMIN[0].MEMIN|RAM_Structure_rtl_0                  ;
; picosoc_AIP:soc|ID0000200F_aip:interface_PICORV32|ID0000200F_aipModules:AIP|simple_dual_port_ram_single_clk:MEMIN[0].MEMIN|RAM_Structure_rtl_0_bypass[19]                  ; picosoc_AIP:soc|ID0000200F_aip:interface_PICORV32|ID0000200F_aipModules:AIP|simple_dual_port_ram_single_clk:MEMIN[0].MEMIN|RAM_Structure_rtl_0                  ;
; picosoc_AIP:soc|ID0000200F_aip:interface_PICORV32|ID0000200F_aipModules:AIP|simple_dual_port_ram_single_clk:MEMIN[0].MEMIN|RAM_Structure_rtl_0_bypass[20]                  ; picosoc_AIP:soc|ID0000200F_aip:interface_PICORV32|ID0000200F_aipModules:AIP|simple_dual_port_ram_single_clk:MEMIN[0].MEMIN|RAM_Structure_rtl_0                  ;
; picosoc_AIP:soc|ID0000200F_aip:interface_PICORV32|ID0000200F_aipModules:AIP|simple_dual_port_ram_single_clk:MEMIN[0].MEMIN|RAM_Structure_rtl_0_bypass[21]                  ; picosoc_AIP:soc|ID0000200F_aip:interface_PICORV32|ID0000200F_aipModules:AIP|simple_dual_port_ram_single_clk:MEMIN[0].MEMIN|RAM_Structure_rtl_0                  ;
; picosoc_AIP:soc|ID0000200F_aip:interface_PICORV32|ID0000200F_aipModules:AIP|simple_dual_port_ram_single_clk:MEMIN[0].MEMIN|RAM_Structure_rtl_0_bypass[22]                  ; picosoc_AIP:soc|ID0000200F_aip:interface_PICORV32|ID0000200F_aipModules:AIP|simple_dual_port_ram_single_clk:MEMIN[0].MEMIN|RAM_Structure_rtl_0                  ;
; picosoc_AIP:soc|ID0000200F_aip:interface_PICORV32|ID0000200F_aipModules:AIP|simple_dual_port_ram_single_clk:MEMIN[0].MEMIN|RAM_Structure_rtl_0_bypass[23]                  ; picosoc_AIP:soc|ID0000200F_aip:interface_PICORV32|ID0000200F_aipModules:AIP|simple_dual_port_ram_single_clk:MEMIN[0].MEMIN|RAM_Structure_rtl_0                  ;
; picosoc_AIP:soc|ID0000200F_aip:interface_PICORV32|ID0000200F_aipModules:AIP|simple_dual_port_ram_single_clk:MEMIN[0].MEMIN|RAM_Structure_rtl_0_bypass[24]                  ; picosoc_AIP:soc|ID0000200F_aip:interface_PICORV32|ID0000200F_aipModules:AIP|simple_dual_port_ram_single_clk:MEMIN[0].MEMIN|RAM_Structure_rtl_0                  ;
; picosoc_AIP:soc|ID0000200F_aip:interface_PICORV32|ID0000200F_aipModules:AIP|simple_dual_port_ram_single_clk:MEMIN[0].MEMIN|RAM_Structure_rtl_0_bypass[25]                  ; picosoc_AIP:soc|ID0000200F_aip:interface_PICORV32|ID0000200F_aipModules:AIP|simple_dual_port_ram_single_clk:MEMIN[0].MEMIN|RAM_Structure_rtl_0                  ;
; picosoc_AIP:soc|ID0000200F_aip:interface_PICORV32|ID0000200F_aipModules:AIP|simple_dual_port_ram_single_clk:MEMIN[0].MEMIN|RAM_Structure_rtl_0_bypass[26]                  ; picosoc_AIP:soc|ID0000200F_aip:interface_PICORV32|ID0000200F_aipModules:AIP|simple_dual_port_ram_single_clk:MEMIN[0].MEMIN|RAM_Structure_rtl_0                  ;
; picosoc_AIP:soc|ID0000200F_aip:interface_PICORV32|ID0000200F_aipModules:AIP|simple_dual_port_ram_single_clk:MEMIN[0].MEMIN|RAM_Structure_rtl_0_bypass[27]                  ; picosoc_AIP:soc|ID0000200F_aip:interface_PICORV32|ID0000200F_aipModules:AIP|simple_dual_port_ram_single_clk:MEMIN[0].MEMIN|RAM_Structure_rtl_0                  ;
; picosoc_AIP:soc|ID0000200F_aip:interface_PICORV32|ID0000200F_aipModules:AIP|simple_dual_port_ram_single_clk:MEMIN[0].MEMIN|RAM_Structure_rtl_0_bypass[28]                  ; picosoc_AIP:soc|ID0000200F_aip:interface_PICORV32|ID0000200F_aipModules:AIP|simple_dual_port_ram_single_clk:MEMIN[0].MEMIN|RAM_Structure_rtl_0                  ;
; picosoc_AIP:soc|ID0000200F_aip:interface_PICORV32|ID0000200F_aipModules:AIP|simple_dual_port_ram_single_clk:MEMIN[0].MEMIN|RAM_Structure_rtl_0_bypass[29]                  ; picosoc_AIP:soc|ID0000200F_aip:interface_PICORV32|ID0000200F_aipModules:AIP|simple_dual_port_ram_single_clk:MEMIN[0].MEMIN|RAM_Structure_rtl_0                  ;
; picosoc_AIP:soc|ID0000200F_aip:interface_PICORV32|ID0000200F_aipModules:AIP|simple_dual_port_ram_single_clk:MEMIN[0].MEMIN|RAM_Structure_rtl_0_bypass[30]                  ; picosoc_AIP:soc|ID0000200F_aip:interface_PICORV32|ID0000200F_aipModules:AIP|simple_dual_port_ram_single_clk:MEMIN[0].MEMIN|RAM_Structure_rtl_0                  ;
; picosoc_AIP:soc|ID0000200F_aip:interface_PICORV32|ID0000200F_aipModules:AIP|simple_dual_port_ram_single_clk:MEMIN[0].MEMIN|RAM_Structure_rtl_0_bypass[31]                  ; picosoc_AIP:soc|ID0000200F_aip:interface_PICORV32|ID0000200F_aipModules:AIP|simple_dual_port_ram_single_clk:MEMIN[0].MEMIN|RAM_Structure_rtl_0                  ;
; picosoc_AIP:soc|ID0000200F_aip:interface_PICORV32|ID0000200F_aipModules:AIP|simple_dual_port_ram_single_clk:MEMIN[0].MEMIN|RAM_Structure_rtl_0_bypass[32]                  ; picosoc_AIP:soc|ID0000200F_aip:interface_PICORV32|ID0000200F_aipModules:AIP|simple_dual_port_ram_single_clk:MEMIN[0].MEMIN|RAM_Structure_rtl_0                  ;
; picosoc_AIP:soc|ID0000200F_aip:interface_PICORV32|ID0000200F_aipModules:AIP|simple_dual_port_ram_single_clk:MEMIN[0].MEMIN|RAM_Structure_rtl_0_bypass[33]                  ; picosoc_AIP:soc|ID0000200F_aip:interface_PICORV32|ID0000200F_aipModules:AIP|simple_dual_port_ram_single_clk:MEMIN[0].MEMIN|RAM_Structure_rtl_0                  ;
; picosoc_AIP:soc|ID0000200F_aip:interface_PICORV32|ID0000200F_aipModules:AIP|simple_dual_port_ram_single_clk:MEMIN[0].MEMIN|RAM_Structure_rtl_0_bypass[34]                  ; picosoc_AIP:soc|ID0000200F_aip:interface_PICORV32|ID0000200F_aipModules:AIP|simple_dual_port_ram_single_clk:MEMIN[0].MEMIN|RAM_Structure_rtl_0                  ;
; picosoc_AIP:soc|ID0000200F_aip:interface_PICORV32|ID0000200F_aipModules:AIP|simple_dual_port_ram_single_clk:MEMIN[0].MEMIN|RAM_Structure_rtl_0_bypass[35]                  ; picosoc_AIP:soc|ID0000200F_aip:interface_PICORV32|ID0000200F_aipModules:AIP|simple_dual_port_ram_single_clk:MEMIN[0].MEMIN|RAM_Structure_rtl_0                  ;
; picosoc_AIP:soc|ID0000200F_aip:interface_PICORV32|ID0000200F_aipModules:AIP|simple_dual_port_ram_single_clk:MEMIN[0].MEMIN|RAM_Structure_rtl_0_bypass[36]                  ; picosoc_AIP:soc|ID0000200F_aip:interface_PICORV32|ID0000200F_aipModules:AIP|simple_dual_port_ram_single_clk:MEMIN[0].MEMIN|RAM_Structure_rtl_0                  ;
; picosoc_AIP:soc|ID0000200F_aip:interface_PICORV32|ID0000200F_aipModules:AIP|simple_dual_port_ram_single_clk:MEMIN[0].MEMIN|RAM_Structure_rtl_0_bypass[37]                  ; picosoc_AIP:soc|ID0000200F_aip:interface_PICORV32|ID0000200F_aipModules:AIP|simple_dual_port_ram_single_clk:MEMIN[0].MEMIN|RAM_Structure_rtl_0                  ;
; picosoc_AIP:soc|ID0000200F_aip:interface_PICORV32|ID0000200F_aipModules:AIP|simple_dual_port_ram_single_clk:MEMIN[0].MEMIN|RAM_Structure_rtl_0_bypass[38]                  ; picosoc_AIP:soc|ID0000200F_aip:interface_PICORV32|ID0000200F_aipModules:AIP|simple_dual_port_ram_single_clk:MEMIN[0].MEMIN|RAM_Structure_rtl_0                  ;
; picosoc_AIP:soc|ID0000200F_aip:interface_PICORV32|ID0000200F_aipModules:AIP|simple_dual_port_ram_single_clk:MEMIN[0].MEMIN|RAM_Structure_rtl_0_bypass[39]                  ; picosoc_AIP:soc|ID0000200F_aip:interface_PICORV32|ID0000200F_aipModules:AIP|simple_dual_port_ram_single_clk:MEMIN[0].MEMIN|RAM_Structure_rtl_0                  ;
; picosoc_AIP:soc|ID0000200F_aip:interface_PICORV32|ID0000200F_aipModules:AIP|simple_dual_port_ram_single_clk:MEMIN[0].MEMIN|RAM_Structure_rtl_0_bypass[40]                  ; picosoc_AIP:soc|ID0000200F_aip:interface_PICORV32|ID0000200F_aipModules:AIP|simple_dual_port_ram_single_clk:MEMIN[0].MEMIN|RAM_Structure_rtl_0                  ;
; picosoc_AIP:soc|ID0000200F_aip:interface_PICORV32|ID0000200F_aipModules:AIP|simple_dual_port_ram_single_clk:MEMIN[0].MEMIN|RAM_Structure_rtl_0_bypass[41]                  ; picosoc_AIP:soc|ID0000200F_aip:interface_PICORV32|ID0000200F_aipModules:AIP|simple_dual_port_ram_single_clk:MEMIN[0].MEMIN|RAM_Structure_rtl_0                  ;
; picosoc_AIP:soc|ID0000200F_aip:interface_PICORV32|ID0000200F_aipModules:AIP|simple_dual_port_ram_single_clk:MEMIN[0].MEMIN|RAM_Structure_rtl_0_bypass[42]                  ; picosoc_AIP:soc|ID0000200F_aip:interface_PICORV32|ID0000200F_aipModules:AIP|simple_dual_port_ram_single_clk:MEMIN[0].MEMIN|RAM_Structure_rtl_0                  ;
; picosoc_AIP:soc|ID0000200F_aip:interface_PICORV32|ID0000200F_aipModules:AIP|simple_dual_port_ram_single_clk:MEMIN[0].MEMIN|RAM_Structure_rtl_0_bypass[43]                  ; picosoc_AIP:soc|ID0000200F_aip:interface_PICORV32|ID0000200F_aipModules:AIP|simple_dual_port_ram_single_clk:MEMIN[0].MEMIN|RAM_Structure_rtl_0                  ;
; picosoc_AIP:soc|ID0000200F_aip:interface_PICORV32|ID0000200F_aipModules:AIP|simple_dual_port_ram_single_clk:MEMIN[0].MEMIN|RAM_Structure_rtl_0_bypass[44]                  ; picosoc_AIP:soc|ID0000200F_aip:interface_PICORV32|ID0000200F_aipModules:AIP|simple_dual_port_ram_single_clk:MEMIN[0].MEMIN|RAM_Structure_rtl_0                  ;
; picosoc_AIP:soc|ID0000200F_aip:interface_PICORV32|ID0000200F_aipModules:AIP|simple_dual_port_ram_single_clk:MEMIN[0].MEMIN|RAM_Structure_rtl_0_bypass[45]                  ; picosoc_AIP:soc|ID0000200F_aip:interface_PICORV32|ID0000200F_aipModules:AIP|simple_dual_port_ram_single_clk:MEMIN[0].MEMIN|RAM_Structure_rtl_0                  ;
; picosoc_AIP:soc|ID0000200F_aip:interface_PICORV32|ID0000200F_aipModules:AIP|simple_dual_port_ram_single_clk:MEMIN[0].MEMIN|RAM_Structure_rtl_0_bypass[46]                  ; picosoc_AIP:soc|ID0000200F_aip:interface_PICORV32|ID0000200F_aipModules:AIP|simple_dual_port_ram_single_clk:MEMIN[0].MEMIN|RAM_Structure_rtl_0                  ;
; picosoc_AIP:soc|ID0000200F_aip:interface_PICORV32|ID0000200F_aipModules:AIP|simple_dual_port_ram_single_clk:MEMIN[0].MEMIN|RAM_Structure_rtl_0_bypass[47]                  ; picosoc_AIP:soc|ID0000200F_aip:interface_PICORV32|ID0000200F_aipModules:AIP|simple_dual_port_ram_single_clk:MEMIN[0].MEMIN|RAM_Structure_rtl_0                  ;
; picosoc_AIP:soc|ID0000200F_aip:interface_PICORV32|ID0000200F_aipModules:AIP|simple_dual_port_ram_single_clk:MEMIN[0].MEMIN|RAM_Structure_rtl_0_bypass[48]                  ; picosoc_AIP:soc|ID0000200F_aip:interface_PICORV32|ID0000200F_aipModules:AIP|simple_dual_port_ram_single_clk:MEMIN[0].MEMIN|RAM_Structure_rtl_0                  ;
; picosoc_AIP:soc|ID0000200F_aip:interface_PICORV32|ID0000200F_aipModules:AIP|simple_dual_port_ram_single_clk:MEMIN[0].MEMIN|RAM_Structure_rtl_0_bypass[49]                  ; picosoc_AIP:soc|ID0000200F_aip:interface_PICORV32|ID0000200F_aipModules:AIP|simple_dual_port_ram_single_clk:MEMIN[0].MEMIN|RAM_Structure_rtl_0                  ;
; picosoc_AIP:soc|ID0000200F_aip:interface_PICORV32|ID0000200F_aipModules:AIP|simple_dual_port_ram_single_clk:MEMIN[0].MEMIN|RAM_Structure_rtl_0_bypass[50]                  ; picosoc_AIP:soc|ID0000200F_aip:interface_PICORV32|ID0000200F_aipModules:AIP|simple_dual_port_ram_single_clk:MEMIN[0].MEMIN|RAM_Structure_rtl_0                  ;
; picosoc_AIP:soc|ID0000200F_aip:interface_PICORV32|ID0000200F_aipModules:AIP|simple_dual_port_ram_single_clk:MEMIN[0].MEMIN|RAM_Structure_rtl_0_bypass[51]                  ; picosoc_AIP:soc|ID0000200F_aip:interface_PICORV32|ID0000200F_aipModules:AIP|simple_dual_port_ram_single_clk:MEMIN[0].MEMIN|RAM_Structure_rtl_0                  ;
; picosoc_AIP:soc|ID0000200F_aip:interface_PICORV32|ID0000200F_aipModules:AIP|simple_dual_port_ram_single_clk:MEMIN[0].MEMIN|RAM_Structure_rtl_0_bypass[52]                  ; picosoc_AIP:soc|ID0000200F_aip:interface_PICORV32|ID0000200F_aipModules:AIP|simple_dual_port_ram_single_clk:MEMIN[0].MEMIN|RAM_Structure_rtl_0                  ;
; picosoc_AIP:soc|ID0000200F_aip:interface_PICORV32|ID0000200F_aipModules:AIP|simple_dual_port_ram_single_clk:MEMIN[0].MEMIN|RAM_Structure_rtl_0_bypass[53]                  ; picosoc_AIP:soc|ID0000200F_aip:interface_PICORV32|ID0000200F_aipModules:AIP|simple_dual_port_ram_single_clk:MEMIN[0].MEMIN|RAM_Structure_rtl_0                  ;
; picosoc_AIP:soc|ID0000200F_aip:interface_PICORV32|ID0000200F_aipModules:AIP|simple_dual_port_ram_single_clk:MEMIN[0].MEMIN|RAM_Structure_rtl_0_bypass[54]                  ; picosoc_AIP:soc|ID0000200F_aip:interface_PICORV32|ID0000200F_aipModules:AIP|simple_dual_port_ram_single_clk:MEMIN[0].MEMIN|RAM_Structure_rtl_0                  ;
; picosoc_AIP:soc|ID0000200F_aip:interface_PICORV32|ID0000200F_aipModules:AIP|simple_dual_port_ram_single_clk:MEMIN[0].MEMIN|RAM_Structure_rtl_0_bypass[55]                  ; picosoc_AIP:soc|ID0000200F_aip:interface_PICORV32|ID0000200F_aipModules:AIP|simple_dual_port_ram_single_clk:MEMIN[0].MEMIN|RAM_Structure_rtl_0                  ;
; picosoc_AIP:soc|ID0000200F_aip:interface_PICORV32|ID0000200F_aipModules:AIP|simple_dual_port_ram_single_clk:MEMIN[0].MEMIN|RAM_Structure_rtl_0_bypass[56]                  ; picosoc_AIP:soc|ID0000200F_aip:interface_PICORV32|ID0000200F_aipModules:AIP|simple_dual_port_ram_single_clk:MEMIN[0].MEMIN|RAM_Structure_rtl_0                  ;
; picosoc_AIP:soc|ID0000200F_aip:interface_PICORV32|ID0000200F_aipModules:AIP|simple_dual_port_ram_single_clk:MEMIN[0].MEMIN|RAM_Structure_rtl_0_bypass[57]                  ; picosoc_AIP:soc|ID0000200F_aip:interface_PICORV32|ID0000200F_aipModules:AIP|simple_dual_port_ram_single_clk:MEMIN[0].MEMIN|RAM_Structure_rtl_0                  ;
; picosoc_AIP:soc|ID0000200F_aip:interface_PICORV32|ID0000200F_aipModules:AIP|simple_dual_port_ram_single_clk:MEMIN[0].MEMIN|RAM_Structure_rtl_0_bypass[58]                  ; picosoc_AIP:soc|ID0000200F_aip:interface_PICORV32|ID0000200F_aipModules:AIP|simple_dual_port_ram_single_clk:MEMIN[0].MEMIN|RAM_Structure_rtl_0                  ;
; picosoc_AIP:soc|ID0000200F_aip:interface_PICORV32|ID0000200F_aipModules:AIP|simple_dual_port_ram_single_clk:MEMIN[0].MEMIN|RAM_Structure_rtl_0_bypass[59]                  ; picosoc_AIP:soc|ID0000200F_aip:interface_PICORV32|ID0000200F_aipModules:AIP|simple_dual_port_ram_single_clk:MEMIN[0].MEMIN|RAM_Structure_rtl_0                  ;
; picosoc_AIP:soc|ID0000200F_aip:interface_PICORV32|ID0000200F_aipModules:AIP|simple_dual_port_ram_single_clk:MEMIN[0].MEMIN|RAM_Structure_rtl_0_bypass[60]                  ; picosoc_AIP:soc|ID0000200F_aip:interface_PICORV32|ID0000200F_aipModules:AIP|simple_dual_port_ram_single_clk:MEMIN[0].MEMIN|RAM_Structure_rtl_0                  ;
; picosoc_AIP:soc|ID0000200F_aip:interface_PICORV32|ID0000200F_aipModules:AIP|simple_dual_port_ram_single_clk:MEMIN[0].MEMIN|RAM_Structure_rtl_0_bypass[61]                  ; picosoc_AIP:soc|ID0000200F_aip:interface_PICORV32|ID0000200F_aipModules:AIP|simple_dual_port_ram_single_clk:MEMIN[0].MEMIN|RAM_Structure_rtl_0                  ;
; picosoc_AIP:soc|ID0000200F_aip:interface_PICORV32|ID0000200F_aipModules:AIP|simple_dual_port_ram_single_clk:MEMIN[0].MEMIN|RAM_Structure_rtl_0_bypass[62]                  ; picosoc_AIP:soc|ID0000200F_aip:interface_PICORV32|ID0000200F_aipModules:AIP|simple_dual_port_ram_single_clk:MEMIN[0].MEMIN|RAM_Structure_rtl_0                  ;
; picosoc_AIP:soc|ID0000200F_aip:interface_PICORV32|ID0000200F_aipModules:AIP|simple_dual_port_ram_single_clk:MEMIN[0].MEMIN|RAM_Structure_rtl_0_bypass[63]                  ; picosoc_AIP:soc|ID0000200F_aip:interface_PICORV32|ID0000200F_aipModules:AIP|simple_dual_port_ram_single_clk:MEMIN[0].MEMIN|RAM_Structure_rtl_0                  ;
; picosoc_AIP:soc|ID0000200F_aip:interface_PICORV32|ID0000200F_aipModules:AIP|simple_dual_port_ram_single_clk:MEMIN[0].MEMIN|RAM_Structure_rtl_0_bypass[64]                  ; picosoc_AIP:soc|ID0000200F_aip:interface_PICORV32|ID0000200F_aipModules:AIP|simple_dual_port_ram_single_clk:MEMIN[0].MEMIN|RAM_Structure_rtl_0                  ;
; picosoc_AIP:soc|ID0000200F_aip:interface_PICORV32|ID0000200F_aipModules:AIP|simple_dual_port_ram_single_clk:MEMIN[0].MEMIN|RAM_Structure_rtl_0_bypass[65]                  ; picosoc_AIP:soc|ID0000200F_aip:interface_PICORV32|ID0000200F_aipModules:AIP|simple_dual_port_ram_single_clk:MEMIN[0].MEMIN|RAM_Structure_rtl_0                  ;
; picosoc_AIP:soc|ID00001001_dummy:DUMMY0|ID00001001_aip:INTERFACE|ID00001001_aipModules:AIP|simple_dual_port_ram_single_clk:MEMIN[0].MEMIN|RAM_Structure_rtl_0_bypass[0]    ; picosoc_AIP:soc|ID00001001_dummy:DUMMY0|ID00001001_aip:INTERFACE|ID00001001_aipModules:AIP|simple_dual_port_ram_single_clk:MEMIN[0].MEMIN|RAM_Structure_rtl_0   ;
; picosoc_AIP:soc|ID00001001_dummy:DUMMY0|ID00001001_aip:INTERFACE|ID00001001_aipModules:AIP|simple_dual_port_ram_single_clk:MEMIN[0].MEMIN|RAM_Structure_rtl_0_bypass[1]    ; picosoc_AIP:soc|ID00001001_dummy:DUMMY0|ID00001001_aip:INTERFACE|ID00001001_aipModules:AIP|simple_dual_port_ram_single_clk:MEMIN[0].MEMIN|RAM_Structure_rtl_0   ;
; picosoc_AIP:soc|ID00001001_dummy:DUMMY0|ID00001001_aip:INTERFACE|ID00001001_aipModules:AIP|simple_dual_port_ram_single_clk:MEMIN[0].MEMIN|RAM_Structure_rtl_0_bypass[2]    ; picosoc_AIP:soc|ID00001001_dummy:DUMMY0|ID00001001_aip:INTERFACE|ID00001001_aipModules:AIP|simple_dual_port_ram_single_clk:MEMIN[0].MEMIN|RAM_Structure_rtl_0   ;
; picosoc_AIP:soc|ID00001001_dummy:DUMMY0|ID00001001_aip:INTERFACE|ID00001001_aipModules:AIP|simple_dual_port_ram_single_clk:MEMIN[0].MEMIN|RAM_Structure_rtl_0_bypass[3]    ; picosoc_AIP:soc|ID00001001_dummy:DUMMY0|ID00001001_aip:INTERFACE|ID00001001_aipModules:AIP|simple_dual_port_ram_single_clk:MEMIN[0].MEMIN|RAM_Structure_rtl_0   ;
; picosoc_AIP:soc|ID00001001_dummy:DUMMY0|ID00001001_aip:INTERFACE|ID00001001_aipModules:AIP|simple_dual_port_ram_single_clk:MEMIN[0].MEMIN|RAM_Structure_rtl_0_bypass[4]    ; picosoc_AIP:soc|ID00001001_dummy:DUMMY0|ID00001001_aip:INTERFACE|ID00001001_aipModules:AIP|simple_dual_port_ram_single_clk:MEMIN[0].MEMIN|RAM_Structure_rtl_0   ;
; picosoc_AIP:soc|ID00001001_dummy:DUMMY0|ID00001001_aip:INTERFACE|ID00001001_aipModules:AIP|simple_dual_port_ram_single_clk:MEMIN[0].MEMIN|RAM_Structure_rtl_0_bypass[5]    ; picosoc_AIP:soc|ID00001001_dummy:DUMMY0|ID00001001_aip:INTERFACE|ID00001001_aipModules:AIP|simple_dual_port_ram_single_clk:MEMIN[0].MEMIN|RAM_Structure_rtl_0   ;
; picosoc_AIP:soc|ID00001001_dummy:DUMMY0|ID00001001_aip:INTERFACE|ID00001001_aipModules:AIP|simple_dual_port_ram_single_clk:MEMIN[0].MEMIN|RAM_Structure_rtl_0_bypass[6]    ; picosoc_AIP:soc|ID00001001_dummy:DUMMY0|ID00001001_aip:INTERFACE|ID00001001_aipModules:AIP|simple_dual_port_ram_single_clk:MEMIN[0].MEMIN|RAM_Structure_rtl_0   ;
; picosoc_AIP:soc|ID00001001_dummy:DUMMY0|ID00001001_aip:INTERFACE|ID00001001_aipModules:AIP|simple_dual_port_ram_single_clk:MEMIN[0].MEMIN|RAM_Structure_rtl_0_bypass[7]    ; picosoc_AIP:soc|ID00001001_dummy:DUMMY0|ID00001001_aip:INTERFACE|ID00001001_aipModules:AIP|simple_dual_port_ram_single_clk:MEMIN[0].MEMIN|RAM_Structure_rtl_0   ;
; picosoc_AIP:soc|ID00001001_dummy:DUMMY0|ID00001001_aip:INTERFACE|ID00001001_aipModules:AIP|simple_dual_port_ram_single_clk:MEMIN[0].MEMIN|RAM_Structure_rtl_0_bypass[8]    ; picosoc_AIP:soc|ID00001001_dummy:DUMMY0|ID00001001_aip:INTERFACE|ID00001001_aipModules:AIP|simple_dual_port_ram_single_clk:MEMIN[0].MEMIN|RAM_Structure_rtl_0   ;
; picosoc_AIP:soc|ID00001001_dummy:DUMMY0|ID00001001_aip:INTERFACE|ID00001001_aipModules:AIP|simple_dual_port_ram_single_clk:MEMIN[0].MEMIN|RAM_Structure_rtl_0_bypass[9]    ; picosoc_AIP:soc|ID00001001_dummy:DUMMY0|ID00001001_aip:INTERFACE|ID00001001_aipModules:AIP|simple_dual_port_ram_single_clk:MEMIN[0].MEMIN|RAM_Structure_rtl_0   ;
; picosoc_AIP:soc|ID00001001_dummy:DUMMY0|ID00001001_aip:INTERFACE|ID00001001_aipModules:AIP|simple_dual_port_ram_single_clk:MEMIN[0].MEMIN|RAM_Structure_rtl_0_bypass[10]   ; picosoc_AIP:soc|ID00001001_dummy:DUMMY0|ID00001001_aip:INTERFACE|ID00001001_aipModules:AIP|simple_dual_port_ram_single_clk:MEMIN[0].MEMIN|RAM_Structure_rtl_0   ;
; picosoc_AIP:soc|ID00001001_dummy:DUMMY0|ID00001001_aip:INTERFACE|ID00001001_aipModules:AIP|simple_dual_port_ram_single_clk:MEMIN[0].MEMIN|RAM_Structure_rtl_0_bypass[11]   ; picosoc_AIP:soc|ID00001001_dummy:DUMMY0|ID00001001_aip:INTERFACE|ID00001001_aipModules:AIP|simple_dual_port_ram_single_clk:MEMIN[0].MEMIN|RAM_Structure_rtl_0   ;
; picosoc_AIP:soc|ID00001001_dummy:DUMMY0|ID00001001_aip:INTERFACE|ID00001001_aipModules:AIP|simple_dual_port_ram_single_clk:MEMIN[0].MEMIN|RAM_Structure_rtl_0_bypass[12]   ; picosoc_AIP:soc|ID00001001_dummy:DUMMY0|ID00001001_aip:INTERFACE|ID00001001_aipModules:AIP|simple_dual_port_ram_single_clk:MEMIN[0].MEMIN|RAM_Structure_rtl_0   ;
; picosoc_AIP:soc|ID00001001_dummy:DUMMY0|ID00001001_aip:INTERFACE|ID00001001_aipModules:AIP|simple_dual_port_ram_single_clk:MEMIN[0].MEMIN|RAM_Structure_rtl_0_bypass[13]   ; picosoc_AIP:soc|ID00001001_dummy:DUMMY0|ID00001001_aip:INTERFACE|ID00001001_aipModules:AIP|simple_dual_port_ram_single_clk:MEMIN[0].MEMIN|RAM_Structure_rtl_0   ;
; picosoc_AIP:soc|ID00001001_dummy:DUMMY0|ID00001001_aip:INTERFACE|ID00001001_aipModules:AIP|simple_dual_port_ram_single_clk:MEMIN[0].MEMIN|RAM_Structure_rtl_0_bypass[14]   ; picosoc_AIP:soc|ID00001001_dummy:DUMMY0|ID00001001_aip:INTERFACE|ID00001001_aipModules:AIP|simple_dual_port_ram_single_clk:MEMIN[0].MEMIN|RAM_Structure_rtl_0   ;
; picosoc_AIP:soc|ID00001001_dummy:DUMMY0|ID00001001_aip:INTERFACE|ID00001001_aipModules:AIP|simple_dual_port_ram_single_clk:MEMIN[0].MEMIN|RAM_Structure_rtl_0_bypass[15]   ; picosoc_AIP:soc|ID00001001_dummy:DUMMY0|ID00001001_aip:INTERFACE|ID00001001_aipModules:AIP|simple_dual_port_ram_single_clk:MEMIN[0].MEMIN|RAM_Structure_rtl_0   ;
; picosoc_AIP:soc|ID00001001_dummy:DUMMY0|ID00001001_aip:INTERFACE|ID00001001_aipModules:AIP|simple_dual_port_ram_single_clk:MEMIN[0].MEMIN|RAM_Structure_rtl_0_bypass[16]   ; picosoc_AIP:soc|ID00001001_dummy:DUMMY0|ID00001001_aip:INTERFACE|ID00001001_aipModules:AIP|simple_dual_port_ram_single_clk:MEMIN[0].MEMIN|RAM_Structure_rtl_0   ;
; picosoc_AIP:soc|ID00001001_dummy:DUMMY0|ID00001001_aip:INTERFACE|ID00001001_aipModules:AIP|simple_dual_port_ram_single_clk:MEMIN[0].MEMIN|RAM_Structure_rtl_0_bypass[17]   ; picosoc_AIP:soc|ID00001001_dummy:DUMMY0|ID00001001_aip:INTERFACE|ID00001001_aipModules:AIP|simple_dual_port_ram_single_clk:MEMIN[0].MEMIN|RAM_Structure_rtl_0   ;
; picosoc_AIP:soc|ID00001001_dummy:DUMMY0|ID00001001_aip:INTERFACE|ID00001001_aipModules:AIP|simple_dual_port_ram_single_clk:MEMIN[0].MEMIN|RAM_Structure_rtl_0_bypass[18]   ; picosoc_AIP:soc|ID00001001_dummy:DUMMY0|ID00001001_aip:INTERFACE|ID00001001_aipModules:AIP|simple_dual_port_ram_single_clk:MEMIN[0].MEMIN|RAM_Structure_rtl_0   ;
; picosoc_AIP:soc|ID00001001_dummy:DUMMY0|ID00001001_aip:INTERFACE|ID00001001_aipModules:AIP|simple_dual_port_ram_single_clk:MEMIN[0].MEMIN|RAM_Structure_rtl_0_bypass[19]   ; picosoc_AIP:soc|ID00001001_dummy:DUMMY0|ID00001001_aip:INTERFACE|ID00001001_aipModules:AIP|simple_dual_port_ram_single_clk:MEMIN[0].MEMIN|RAM_Structure_rtl_0   ;
; picosoc_AIP:soc|ID00001001_dummy:DUMMY0|ID00001001_aip:INTERFACE|ID00001001_aipModules:AIP|simple_dual_port_ram_single_clk:MEMIN[0].MEMIN|RAM_Structure_rtl_0_bypass[20]   ; picosoc_AIP:soc|ID00001001_dummy:DUMMY0|ID00001001_aip:INTERFACE|ID00001001_aipModules:AIP|simple_dual_port_ram_single_clk:MEMIN[0].MEMIN|RAM_Structure_rtl_0   ;
; picosoc_AIP:soc|ID00001001_dummy:DUMMY0|ID00001001_aip:INTERFACE|ID00001001_aipModules:AIP|simple_dual_port_ram_single_clk:MEMIN[0].MEMIN|RAM_Structure_rtl_0_bypass[21]   ; picosoc_AIP:soc|ID00001001_dummy:DUMMY0|ID00001001_aip:INTERFACE|ID00001001_aipModules:AIP|simple_dual_port_ram_single_clk:MEMIN[0].MEMIN|RAM_Structure_rtl_0   ;
; picosoc_AIP:soc|ID00001001_dummy:DUMMY0|ID00001001_aip:INTERFACE|ID00001001_aipModules:AIP|simple_dual_port_ram_single_clk:MEMIN[0].MEMIN|RAM_Structure_rtl_0_bypass[22]   ; picosoc_AIP:soc|ID00001001_dummy:DUMMY0|ID00001001_aip:INTERFACE|ID00001001_aipModules:AIP|simple_dual_port_ram_single_clk:MEMIN[0].MEMIN|RAM_Structure_rtl_0   ;
; picosoc_AIP:soc|ID00001001_dummy:DUMMY0|ID00001001_aip:INTERFACE|ID00001001_aipModules:AIP|simple_dual_port_ram_single_clk:MEMIN[0].MEMIN|RAM_Structure_rtl_0_bypass[23]   ; picosoc_AIP:soc|ID00001001_dummy:DUMMY0|ID00001001_aip:INTERFACE|ID00001001_aipModules:AIP|simple_dual_port_ram_single_clk:MEMIN[0].MEMIN|RAM_Structure_rtl_0   ;
; picosoc_AIP:soc|ID00001001_dummy:DUMMY0|ID00001001_aip:INTERFACE|ID00001001_aipModules:AIP|simple_dual_port_ram_single_clk:MEMIN[0].MEMIN|RAM_Structure_rtl_0_bypass[24]   ; picosoc_AIP:soc|ID00001001_dummy:DUMMY0|ID00001001_aip:INTERFACE|ID00001001_aipModules:AIP|simple_dual_port_ram_single_clk:MEMIN[0].MEMIN|RAM_Structure_rtl_0   ;
; picosoc_AIP:soc|ID00001001_dummy:DUMMY0|ID00001001_aip:INTERFACE|ID00001001_aipModules:AIP|simple_dual_port_ram_single_clk:MEMIN[0].MEMIN|RAM_Structure_rtl_0_bypass[25]   ; picosoc_AIP:soc|ID00001001_dummy:DUMMY0|ID00001001_aip:INTERFACE|ID00001001_aipModules:AIP|simple_dual_port_ram_single_clk:MEMIN[0].MEMIN|RAM_Structure_rtl_0   ;
; picosoc_AIP:soc|ID00001001_dummy:DUMMY0|ID00001001_aip:INTERFACE|ID00001001_aipModules:AIP|simple_dual_port_ram_single_clk:MEMIN[0].MEMIN|RAM_Structure_rtl_0_bypass[26]   ; picosoc_AIP:soc|ID00001001_dummy:DUMMY0|ID00001001_aip:INTERFACE|ID00001001_aipModules:AIP|simple_dual_port_ram_single_clk:MEMIN[0].MEMIN|RAM_Structure_rtl_0   ;
; picosoc_AIP:soc|ID00001001_dummy:DUMMY0|ID00001001_aip:INTERFACE|ID00001001_aipModules:AIP|simple_dual_port_ram_single_clk:MEMIN[0].MEMIN|RAM_Structure_rtl_0_bypass[27]   ; picosoc_AIP:soc|ID00001001_dummy:DUMMY0|ID00001001_aip:INTERFACE|ID00001001_aipModules:AIP|simple_dual_port_ram_single_clk:MEMIN[0].MEMIN|RAM_Structure_rtl_0   ;
; picosoc_AIP:soc|ID00001001_dummy:DUMMY0|ID00001001_aip:INTERFACE|ID00001001_aipModules:AIP|simple_dual_port_ram_single_clk:MEMIN[0].MEMIN|RAM_Structure_rtl_0_bypass[28]   ; picosoc_AIP:soc|ID00001001_dummy:DUMMY0|ID00001001_aip:INTERFACE|ID00001001_aipModules:AIP|simple_dual_port_ram_single_clk:MEMIN[0].MEMIN|RAM_Structure_rtl_0   ;
; picosoc_AIP:soc|ID00001001_dummy:DUMMY0|ID00001001_aip:INTERFACE|ID00001001_aipModules:AIP|simple_dual_port_ram_single_clk:MEMIN[0].MEMIN|RAM_Structure_rtl_0_bypass[29]   ; picosoc_AIP:soc|ID00001001_dummy:DUMMY0|ID00001001_aip:INTERFACE|ID00001001_aipModules:AIP|simple_dual_port_ram_single_clk:MEMIN[0].MEMIN|RAM_Structure_rtl_0   ;
; picosoc_AIP:soc|ID00001001_dummy:DUMMY0|ID00001001_aip:INTERFACE|ID00001001_aipModules:AIP|simple_dual_port_ram_single_clk:MEMIN[0].MEMIN|RAM_Structure_rtl_0_bypass[30]   ; picosoc_AIP:soc|ID00001001_dummy:DUMMY0|ID00001001_aip:INTERFACE|ID00001001_aipModules:AIP|simple_dual_port_ram_single_clk:MEMIN[0].MEMIN|RAM_Structure_rtl_0   ;
; picosoc_AIP:soc|ID00001001_dummy:DUMMY0|ID00001001_aip:INTERFACE|ID00001001_aipModules:AIP|simple_dual_port_ram_single_clk:MEMIN[0].MEMIN|RAM_Structure_rtl_0_bypass[31]   ; picosoc_AIP:soc|ID00001001_dummy:DUMMY0|ID00001001_aip:INTERFACE|ID00001001_aipModules:AIP|simple_dual_port_ram_single_clk:MEMIN[0].MEMIN|RAM_Structure_rtl_0   ;
; picosoc_AIP:soc|ID00001001_dummy:DUMMY0|ID00001001_aip:INTERFACE|ID00001001_aipModules:AIP|simple_dual_port_ram_single_clk:MEMIN[0].MEMIN|RAM_Structure_rtl_0_bypass[32]   ; picosoc_AIP:soc|ID00001001_dummy:DUMMY0|ID00001001_aip:INTERFACE|ID00001001_aipModules:AIP|simple_dual_port_ram_single_clk:MEMIN[0].MEMIN|RAM_Structure_rtl_0   ;
; picosoc_AIP:soc|ID00001001_dummy:DUMMY0|ID00001001_aip:INTERFACE|ID00001001_aipModules:AIP|simple_dual_port_ram_single_clk:MEMIN[0].MEMIN|RAM_Structure_rtl_0_bypass[33]   ; picosoc_AIP:soc|ID00001001_dummy:DUMMY0|ID00001001_aip:INTERFACE|ID00001001_aipModules:AIP|simple_dual_port_ram_single_clk:MEMIN[0].MEMIN|RAM_Structure_rtl_0   ;
; picosoc_AIP:soc|ID00001001_dummy:DUMMY0|ID00001001_aip:INTERFACE|ID00001001_aipModules:AIP|simple_dual_port_ram_single_clk:MEMIN[0].MEMIN|RAM_Structure_rtl_0_bypass[34]   ; picosoc_AIP:soc|ID00001001_dummy:DUMMY0|ID00001001_aip:INTERFACE|ID00001001_aipModules:AIP|simple_dual_port_ram_single_clk:MEMIN[0].MEMIN|RAM_Structure_rtl_0   ;
; picosoc_AIP:soc|ID00001001_dummy:DUMMY0|ID00001001_aip:INTERFACE|ID00001001_aipModules:AIP|simple_dual_port_ram_single_clk:MEMIN[0].MEMIN|RAM_Structure_rtl_0_bypass[35]   ; picosoc_AIP:soc|ID00001001_dummy:DUMMY0|ID00001001_aip:INTERFACE|ID00001001_aipModules:AIP|simple_dual_port_ram_single_clk:MEMIN[0].MEMIN|RAM_Structure_rtl_0   ;
; picosoc_AIP:soc|ID00001001_dummy:DUMMY0|ID00001001_aip:INTERFACE|ID00001001_aipModules:AIP|simple_dual_port_ram_single_clk:MEMIN[0].MEMIN|RAM_Structure_rtl_0_bypass[36]   ; picosoc_AIP:soc|ID00001001_dummy:DUMMY0|ID00001001_aip:INTERFACE|ID00001001_aipModules:AIP|simple_dual_port_ram_single_clk:MEMIN[0].MEMIN|RAM_Structure_rtl_0   ;
; picosoc_AIP:soc|ID00001001_dummy:DUMMY0|ID00001001_aip:INTERFACE|ID00001001_aipModules:AIP|simple_dual_port_ram_single_clk:MEMIN[0].MEMIN|RAM_Structure_rtl_0_bypass[37]   ; picosoc_AIP:soc|ID00001001_dummy:DUMMY0|ID00001001_aip:INTERFACE|ID00001001_aipModules:AIP|simple_dual_port_ram_single_clk:MEMIN[0].MEMIN|RAM_Structure_rtl_0   ;
; picosoc_AIP:soc|ID00001001_dummy:DUMMY0|ID00001001_aip:INTERFACE|ID00001001_aipModules:AIP|simple_dual_port_ram_single_clk:MEMIN[0].MEMIN|RAM_Structure_rtl_0_bypass[38]   ; picosoc_AIP:soc|ID00001001_dummy:DUMMY0|ID00001001_aip:INTERFACE|ID00001001_aipModules:AIP|simple_dual_port_ram_single_clk:MEMIN[0].MEMIN|RAM_Structure_rtl_0   ;
; picosoc_AIP:soc|ID00001001_dummy:DUMMY0|ID00001001_aip:INTERFACE|ID00001001_aipModules:AIP|simple_dual_port_ram_single_clk:MEMIN[0].MEMIN|RAM_Structure_rtl_0_bypass[39]   ; picosoc_AIP:soc|ID00001001_dummy:DUMMY0|ID00001001_aip:INTERFACE|ID00001001_aipModules:AIP|simple_dual_port_ram_single_clk:MEMIN[0].MEMIN|RAM_Structure_rtl_0   ;
; picosoc_AIP:soc|ID00001001_dummy:DUMMY0|ID00001001_aip:INTERFACE|ID00001001_aipModules:AIP|simple_dual_port_ram_single_clk:MEMIN[0].MEMIN|RAM_Structure_rtl_0_bypass[40]   ; picosoc_AIP:soc|ID00001001_dummy:DUMMY0|ID00001001_aip:INTERFACE|ID00001001_aipModules:AIP|simple_dual_port_ram_single_clk:MEMIN[0].MEMIN|RAM_Structure_rtl_0   ;
; picosoc_AIP:soc|ID00001001_dummy:DUMMY0|ID00001001_aip:INTERFACE|ID00001001_aipModules:AIP|simple_dual_port_ram_single_clk:MEMIN[0].MEMIN|RAM_Structure_rtl_0_bypass[41]   ; picosoc_AIP:soc|ID00001001_dummy:DUMMY0|ID00001001_aip:INTERFACE|ID00001001_aipModules:AIP|simple_dual_port_ram_single_clk:MEMIN[0].MEMIN|RAM_Structure_rtl_0   ;
; picosoc_AIP:soc|ID00001001_dummy:DUMMY0|ID00001001_aip:INTERFACE|ID00001001_aipModules:AIP|simple_dual_port_ram_single_clk:MEMIN[0].MEMIN|RAM_Structure_rtl_0_bypass[42]   ; picosoc_AIP:soc|ID00001001_dummy:DUMMY0|ID00001001_aip:INTERFACE|ID00001001_aipModules:AIP|simple_dual_port_ram_single_clk:MEMIN[0].MEMIN|RAM_Structure_rtl_0   ;
; picosoc_AIP:soc|ID00001001_dummy:DUMMY0|ID00001001_aip:INTERFACE|ID00001001_aipModules:AIP|simple_dual_port_ram_single_clk:MEMIN[0].MEMIN|RAM_Structure_rtl_0_bypass[43]   ; picosoc_AIP:soc|ID00001001_dummy:DUMMY0|ID00001001_aip:INTERFACE|ID00001001_aipModules:AIP|simple_dual_port_ram_single_clk:MEMIN[0].MEMIN|RAM_Structure_rtl_0   ;
; picosoc_AIP:soc|ID00001001_dummy:DUMMY0|ID00001001_aip:INTERFACE|ID00001001_aipModules:AIP|simple_dual_port_ram_single_clk:MEMIN[0].MEMIN|RAM_Structure_rtl_0_bypass[44]   ; picosoc_AIP:soc|ID00001001_dummy:DUMMY0|ID00001001_aip:INTERFACE|ID00001001_aipModules:AIP|simple_dual_port_ram_single_clk:MEMIN[0].MEMIN|RAM_Structure_rtl_0   ;
+----------------------------------------------------------------------------------------------------------------------------------------------------------------------------+-----------------------------------------------------------------------------------------------------------------------------------------------------------------+


+--------------------------------------------------------------------------------------------------------------------------------------------------------------------------------------------------------------------------------------------------------------------------------------------------------------------------------------------+
; Registers Packed Into Inferred Megafunctions                                                                                                                                                                                                                                                                                               ;
+-------------------------------------------------------------------------------------------------------------------------------------------------------------------+-----------------------------------------------------------------------------------------------------------------------------------------------------------------+------+
; Register Name                                                                                                                                                     ; Megafunction                                                                                                                                                    ; Type ;
+-------------------------------------------------------------------------------------------------------------------------------------------------------------------+-----------------------------------------------------------------------------------------------------------------------------------------------------------------+------+
; picosoc_AIP:soc|ID00001001_dummy:DUMMY0|ID00001001_aip:INTERFACE|ID00001001_aipModules:AIP|simple_dual_port_ram_single_clk:MEMOUT[0].MEMOUT|data_output__o[0..31] ; picosoc_AIP:soc|ID00001001_dummy:DUMMY0|ID00001001_aip:INTERFACE|ID00001001_aipModules:AIP|simple_dual_port_ram_single_clk:MEMOUT[0].MEMOUT|RAM_Structure_rtl_0 ; RAM  ;
; picosoc_AIP:soc|ID00001001_dummy:DUMMY0|ID00001001_aip:INTERFACE|ID00001001_aipModules:AIP|simple_dual_port_ram_single_clk:MEMIN[0].MEMIN|data_output__o[0..31]   ; picosoc_AIP:soc|ID00001001_dummy:DUMMY0|ID00001001_aip:INTERFACE|ID00001001_aipModules:AIP|simple_dual_port_ram_single_clk:MEMIN[0].MEMIN|RAM_Structure_rtl_0   ; RAM  ;
+-------------------------------------------------------------------------------------------------------------------------------------------------------------------+-----------------------------------------------------------------------------------------------------------------------------------------------------------------+------+


+-----------------------------------------------------------------------------------------------------------------------------------------------------------------------------------------------------------------------------------------------------------------------+
; Multiplexer Restructuring Statistics (Restructuring Performed)                                                                                                                                                                                                        ;
+--------------------+-----------+---------------+----------------------+------------------------+------------+---------------------------------------------------------------------------------------------------------------------------------------------------------+
; Multiplexer Inputs ; Bus Width ; Baseline Area ; Area if Restructured ; Saving if Restructured ; Registered ; Example Multiplexer Output                                                                                                                              ;
+--------------------+-----------+---------------+----------------------+------------------------+------------+---------------------------------------------------------------------------------------------------------------------------------------------------------+
; 3:1                ; 32 bits   ; 64 LEs        ; 32 LEs               ; 32 LEs                 ; Yes        ; |DE10_SOC|picosoc_AIP:soc|picorv32:cpu|reg_pc[2]                                                                                                        ;
; 3:1                ; 5 bits    ; 10 LEs        ; 5 LEs                ; 5 LEs                  ; Yes        ; |DE10_SOC|picosoc_AIP:soc|picorv32:cpu|mem_rdata_q[18]                                                                                                  ;
; 3:1                ; 8 bits    ; 16 LEs        ; 8 LEs                ; 8 LEs                  ; Yes        ; |DE10_SOC|gpio[5]                                                                                                                                       ;
; 3:1                ; 4 bits    ; 8 LEs         ; 4 LEs                ; 4 LEs                  ; Yes        ; |DE10_SOC|picosoc_AIP:soc|picorv32:cpu|mem_wstrb[0]                                                                                                     ;
; 3:1                ; 32 bits   ; 64 LEs        ; 32 LEs               ; 32 LEs                 ; Yes        ; |DE10_SOC|picosoc_AIP:soc|ID00001001_dummy:DUMMY0|ID00001001_dummyCore:CORE|ID00001001_dummyCtrl:CNTRL|count[26]                                        ;
; 3:1                ; 16 bits   ; 32 LEs        ; 16 LEs               ; 16 LEs                 ; Yes        ; |DE10_SOC|picosoc_AIP:soc|ID00001001_dummy:DUMMY0|ID00001001_dummyCore:CORE|ID00001001_dummyCtrl:CNTRL|count_b[6]                                       ;
; 3:1                ; 23 bits   ; 46 LEs        ; 23 LEs               ; 23 LEs                 ; Yes        ; |DE10_SOC|picosoc_AIP:soc|picorv32:cpu|instr_add                                                                                                        ;
; 3:1                ; 8 bits    ; 16 LEs        ; 8 LEs                ; 8 LEs                  ; Yes        ; |DE10_SOC|picosoc_AIP:soc|simpleuart:simpleuart|cfg_divider[25]                                                                                         ;
; 3:1                ; 8 bits    ; 16 LEs        ; 8 LEs                ; 8 LEs                  ; Yes        ; |DE10_SOC|picosoc_AIP:soc|simpleuart:simpleuart|cfg_divider[18]                                                                                         ;
; 3:1                ; 8 bits    ; 16 LEs        ; 8 LEs                ; 8 LEs                  ; Yes        ; |DE10_SOC|picosoc_AIP:soc|simpleuart:simpleuart|cfg_divider[15]                                                                                         ;
; 3:1                ; 8 bits    ; 16 LEs        ; 8 LEs                ; 8 LEs                  ; Yes        ; |DE10_SOC|picosoc_AIP:soc|simpleuart:simpleuart|cfg_divider[2]                                                                                          ;
; 3:1                ; 8 bits    ; 16 LEs        ; 8 LEs                ; 8 LEs                  ; Yes        ; |DE10_SOC|picosoc_AIP:soc|simpleuart:simpleuart|recv_buf_data[6]                                                                                        ;
; 3:1                ; 32 bits   ; 64 LEs        ; 32 LEs               ; 32 LEs                 ; Yes        ; |DE10_SOC|picosoc_AIP:soc|picorv32:cpu|irq_mask[31]                                                                                                     ;
; 3:1                ; 4 bits    ; 8 LEs         ; 4 LEs                ; 4 LEs                  ; Yes        ; |DE10_SOC|picosoc_AIP:soc|picorv32:cpu|pcpi_timeout_counter[0]                                                                                          ;
; 3:1                ; 64 bits   ; 128 LEs       ; 64 LEs               ; 64 LEs                 ; Yes        ; |DE10_SOC|picosoc_AIP:soc|picorv32:cpu|count_instr[44]                                                                                                  ;
; 3:1                ; 8 bits    ; 16 LEs        ; 8 LEs                ; 8 LEs                  ; Yes        ; |DE10_SOC|picosoc_AIP:soc|simpleuart:simpleuart|recv_pattern[2]                                                                                         ;
; 3:1                ; 16 bits   ; 32 LEs        ; 16 LEs               ; 16 LEs                 ; Yes        ; |DE10_SOC|picosoc_AIP:soc|ID0000200F_aip:interface_PICORV32|ID0000200F_aipModules:AIP|ID0000200F_aipCtrl:CNTRL|regWrAddrMemIn[0][10]                    ;
; 3:1                ; 8 bits    ; 16 LEs        ; 8 LEs                ; 8 LEs                  ; Yes        ; |DE10_SOC|gpio[21]                                                                                                                                      ;
; 3:1                ; 8 bits    ; 16 LEs        ; 8 LEs                ; 8 LEs                  ; Yes        ; |DE10_SOC|gpio[26]                                                                                                                                      ;
; 3:1                ; 8 bits    ; 16 LEs        ; 8 LEs                ; 8 LEs                  ; Yes        ; |DE10_SOC|gpio[10]                                                                                                                                      ;
; 3:1                ; 16 bits   ; 32 LEs        ; 16 LEs               ; 16 LEs                 ; Yes        ; |DE10_SOC|picosoc_AIP:soc|ID00001001_dummy:DUMMY0|ID00001001_aip:INTERFACE|ID00001001_aipModules:AIP|ID00001001_aipCtrl:CNTRL|regRdAddrMemOut[0][6]     ;
; 3:1                ; 16 bits   ; 32 LEs        ; 16 LEs               ; 16 LEs                 ; Yes        ; |DE10_SOC|picosoc_AIP:soc|ID00001001_dummy:DUMMY0|ID00001001_aip:INTERFACE|ID00001001_aipModules:AIP|ID00001001_aipCtrl:CNTRL|regWrAddrMemIn[0][1]      ;
; 3:1                ; 32 bits   ; 64 LEs        ; 64 LEs               ; 0 LEs                  ; Yes        ; |DE10_SOC|picosoc_AIP:soc|ID0000200F_aip:interface_PICORV32|ID0000200F_aipModules:AIP|simple_dual_port_ram_single_clk:MEMIN[0].MEMIN|data_output__o[22] ;
; 3:1                ; 3 bits    ; 6 LEs         ; 3 LEs                ; 3 LEs                  ; Yes        ; |DE10_SOC|picosoc_AIP:soc|ID00001001_dummy:DUMMY0|ID00001001_aip:INTERFACE|ID00001001_aipModules:AIP|ID00001001_aipCtrl:CNTRL|regWrAddrConfigReg[1]     ;
; 3:1                ; 8 bits    ; 16 LEs        ; 16 LEs               ; 0 LEs                  ; Yes        ; |DE10_SOC|picosoc_AIP:soc|picorv32:cpu|mem_wdata[31]                                                                                                    ;
; 4:1                ; 32 bits   ; 64 LEs        ; 64 LEs               ; 0 LEs                  ; Yes        ; |DE10_SOC|picosoc_AIP:soc|picorv32:cpu|timer[18]                                                                                                        ;
; 4:1                ; 3 bits    ; 6 LEs         ; 6 LEs                ; 0 LEs                  ; Yes        ; |DE10_SOC|picosoc_AIP:soc|ID0000200F_aip:interface_PICORV32|ID0000200F_aipModules:AIP|ID0000200F_aipCtrl:CNTRL|regWrAddrConfigReg[0]                    ;
; 5:1                ; 5 bits    ; 15 LEs        ; 10 LEs               ; 5 LEs                  ; Yes        ; |DE10_SOC|picosoc_AIP:soc|simpleuart:simpleuart|send_bitcnt[3]                                                                                          ;
; 5:1                ; 8 bits    ; 24 LEs        ; 16 LEs               ; 8 LEs                  ; Yes        ; |DE10_SOC|picosoc_AIP:soc|simpleuart:simpleuart|send_pattern[5]                                                                                         ;
; 5:1                ; 32 bits   ; 96 LEs        ; 32 LEs               ; 64 LEs                 ; Yes        ; |DE10_SOC|picosoc_AIP:soc|simpleuart:simpleuart|send_divcnt[5]                                                                                          ;
; 5:1                ; 31 bits   ; 93 LEs        ; 62 LEs               ; 31 LEs                 ; Yes        ; |DE10_SOC|picosoc_AIP:soc|picorv32:cpu|reg_next_pc[2]                                                                                                   ;
; 4:1                ; 5 bits    ; 10 LEs        ; 5 LEs                ; 5 LEs                  ; Yes        ; |DE10_SOC|picosoc_AIP:soc|picorv32:cpu|reg_op2[0]                                                                                                       ;
; 3:1                ; 6 bits    ; 12 LEs        ; 12 LEs               ; 0 LEs                  ; Yes        ; |DE10_SOC|picosoc_AIP:soc|picorv32:cpu|decoded_imm[10]                                                                                                  ;
; 3:1                ; 19 bits   ; 38 LEs        ; 38 LEs               ; 0 LEs                  ; Yes        ; |DE10_SOC|picosoc_AIP:soc|picorv32:cpu|decoded_imm[26]                                                                                                  ;
; 4:1                ; 4 bits    ; 8 LEs         ; 8 LEs                ; 0 LEs                  ; Yes        ; |DE10_SOC|picosoc_AIP:soc|picorv32:cpu|decoded_imm[2]                                                                                                   ;
; 4:1                ; 2 bits    ; 4 LEs         ; 4 LEs                ; 0 LEs                  ; Yes        ; |DE10_SOC|picosoc_AIP:soc|picorv32:cpu|mem_rdata_q[7]                                                                                                   ;
; 4:1                ; 2 bits    ; 4 LEs         ; 0 LEs                ; 4 LEs                  ; Yes        ; |DE10_SOC|picosoc_AIP:soc|picorv32:cpu|mem_rdata_q[10]                                                                                                  ;
; 6:1                ; 3 bits    ; 12 LEs        ; 3 LEs                ; 9 LEs                  ; Yes        ; |DE10_SOC|picosoc_AIP:soc|picorv32:cpu|latched_rd[2]                                                                                                    ;
; 5:1                ; 27 bits   ; 81 LEs        ; 54 LEs               ; 27 LEs                 ; Yes        ; |DE10_SOC|picosoc_AIP:soc|picorv32:cpu|reg_op2[16]                                                                                                      ;
; 5:1                ; 31 bits   ; 93 LEs        ; 93 LEs               ; 0 LEs                  ; Yes        ; |DE10_SOC|picosoc_AIP:soc|picorv32:cpu|alu_out_q[29]                                                                                                    ;
; 7:1                ; 32 bits   ; 128 LEs       ; 32 LEs               ; 96 LEs                 ; Yes        ; |DE10_SOC|picosoc_AIP:soc|simpleuart:simpleuart|recv_divcnt[18]                                                                                         ;
; 9:1                ; 4 bits    ; 24 LEs        ; 12 LEs               ; 12 LEs                 ; Yes        ; |DE10_SOC|picosoc_AIP:soc|simpleuart:simpleuart|recv_state[0]                                                                                           ;
; 1024:1             ; 32 bits   ; 21824 LEs     ; 21824 LEs            ; 0 LEs                  ; Yes        ; |DE10_SOC|picosoc_AIP:soc|picosoc_mem:memory|rdata[17]                                                                                                  ;
; 10:1               ; 2 bits    ; 12 LEs        ; 4 LEs                ; 8 LEs                  ; Yes        ; |DE10_SOC|picosoc_AIP:soc|picorv32:cpu|reg_op1[31]                                                                                                      ;
; 11:1               ; 2 bits    ; 14 LEs        ; 6 LEs                ; 8 LEs                  ; Yes        ; |DE10_SOC|picosoc_AIP:soc|picorv32:cpu|mem_state[0]                                                                                                     ;
; 5:1                ; 2 bits    ; 6 LEs         ; 4 LEs                ; 2 LEs                  ; Yes        ; |DE10_SOC|picosoc_AIP:soc|picorv32:cpu|reg_sh[0]                                                                                                        ;
; 5:1                ; 3 bits    ; 9 LEs         ; 6 LEs                ; 3 LEs                  ; Yes        ; |DE10_SOC|picosoc_AIP:soc|picorv32:cpu|reg_sh[2]                                                                                                        ;
; 13:1               ; 3 bits    ; 24 LEs        ; 12 LEs               ; 12 LEs                 ; Yes        ; |DE10_SOC|picosoc_AIP:soc|picorv32:cpu|reg_op1[1]                                                                                                       ;
; 10:1               ; 2 bits    ; 12 LEs        ; 4 LEs                ; 8 LEs                  ; Yes        ; |DE10_SOC|picosoc_AIP:soc|picorv32:cpu|mem_rdata_q[21]                                                                                                  ;
; 15:1               ; 24 bits   ; 240 LEs       ; 120 LEs              ; 120 LEs                ; Yes        ; |DE10_SOC|picosoc_AIP:soc|picorv32:cpu|reg_op1[26]                                                                                                      ;
; 17:1               ; 2 bits    ; 22 LEs        ; 8 LEs                ; 14 LEs                 ; Yes        ; |DE10_SOC|picosoc_AIP:soc|picorv32:cpu|decoded_rd[1]                                                                                                    ;
; 16:1               ; 2 bits    ; 20 LEs        ; 8 LEs                ; 12 LEs                 ; Yes        ; |DE10_SOC|picosoc_AIP:soc|picorv32:cpu|reg_op1[28]                                                                                                      ;
; 16:1               ; 7 bits    ; 70 LEs        ; 77 LEs               ; -7 LEs                 ; Yes        ; |DE10_SOC|picosoc_AIP:soc|picorv32:cpu|reg_out[13]                                                                                                      ;
; 18:1               ; 16 bits   ; 192 LEs       ; 192 LEs              ; 0 LEs                  ; Yes        ; |DE10_SOC|picosoc_AIP:soc|picorv32:cpu|reg_out[29]                                                                                                      ;
; 18:1               ; 4 bits    ; 48 LEs        ; 48 LEs               ; 0 LEs                  ; Yes        ; |DE10_SOC|picosoc_AIP:soc|picorv32:cpu|reg_out[5]                                                                                                       ;
; 18:1               ; 2 bits    ; 24 LEs        ; 24 LEs               ; 0 LEs                  ; Yes        ; |DE10_SOC|picosoc_AIP:soc|picorv32:cpu|reg_out[2]                                                                                                       ;
; 3:1                ; 16 bits   ; 32 LEs        ; 32 LEs               ; 0 LEs                  ; No         ; |DE10_SOC|picosoc_AIP:soc|picorv32:cpu|mem_rdata_latched[4]                                                                                             ;
; 3:1                ; 19 bits   ; 38 LEs        ; 19 LEs               ; 19 LEs                 ; No         ; |DE10_SOC|picosoc_AIP:soc|picorv32:cpu|Add7                                                                                                             ;
; 3:1                ; 3 bits    ; 6 LEs         ; 3 LEs                ; 3 LEs                  ; No         ; |DE10_SOC|picosoc_AIP:soc|picorv32:cpu|cpu_state                                                                                                        ;
; 3:1                ; 2 bits    ; 4 LEs         ; 2 LEs                ; 2 LEs                  ; No         ; |DE10_SOC|ipm:IPM|ipm_register:IPM_REG|dataMCUOut[7]                                                                                                    ;
; 3:1                ; 32 bits   ; 64 LEs        ; 64 LEs               ; 0 LEs                  ; No         ; |DE10_SOC|picosoc_AIP:soc|picorv32:cpu|cpuregs_rs1[18]                                                                                                  ;
; 3:1                ; 5 bits    ; 10 LEs        ; 10 LEs               ; 0 LEs                  ; No         ; |DE10_SOC|picosoc_AIP:soc|picorv32:cpu|cpuregs_rs2[2]                                                                                                   ;
; 4:1                ; 2 bits    ; 4 LEs         ; 2 LEs                ; 2 LEs                  ; No         ; |DE10_SOC|picosoc_AIP:soc|picorv32:cpu|Mux71                                                                                                            ;
; 4:1                ; 2 bits    ; 4 LEs         ; 4 LEs                ; 0 LEs                  ; No         ; |DE10_SOC|picosoc_AIP:soc|picorv32:cpu|Selector136                                                                                                      ;
; 4:1                ; 2 bits    ; 4 LEs         ; 4 LEs                ; 0 LEs                  ; No         ; |DE10_SOC|picosoc_AIP:soc|picorv32:cpu|Selector8                                                                                                        ;
; 4:1                ; 2 bits    ; 4 LEs         ; 4 LEs                ; 0 LEs                  ; No         ; |DE10_SOC|picosoc_AIP:soc|picorv32:cpu|Selector11                                                                                                       ;
; 6:1                ; 3 bits    ; 12 LEs        ; 9 LEs                ; 3 LEs                  ; No         ; |DE10_SOC|ipm:IPM|ipm_register:IPM_REG|dataMCUOut[1]                                                                                                    ;
; 4:1                ; 29 bits   ; 58 LEs        ; 58 LEs               ; 0 LEs                  ; No         ; |DE10_SOC|picosoc_AIP:soc|picorv32:cpu|Selector110                                                                                                      ;
; 4:1                ; 2 bits    ; 4 LEs         ; 4 LEs                ; 0 LEs                  ; No         ; |DE10_SOC|picosoc_AIP:soc|picorv32:cpu|Selector122                                                                                                      ;
; 7:1                ; 3 bits    ; 12 LEs        ; 6 LEs                ; 6 LEs                  ; No         ; |DE10_SOC|picosoc_AIP:soc|picorv32:cpu|mem_wordsize                                                                                                     ;
; 10:1               ; 14 bits   ; 84 LEs        ; 56 LEs               ; 28 LEs                 ; No         ; |DE10_SOC|picosoc_AIP:soc|mem_rdata[13]                                                                                                                 ;
; 12:1               ; 9 bits    ; 72 LEs        ; 45 LEs               ; 27 LEs                 ; No         ; |DE10_SOC|picosoc_AIP:soc|mem_rdata[20]                                                                                                                 ;
; 11:1               ; 7 bits    ; 49 LEs        ; 28 LEs               ; 21 LEs                 ; No         ; |DE10_SOC|picosoc_AIP:soc|mem_rdata[2]                                                                                                                  ;
; 15:1               ; 3 bits    ; 30 LEs        ; 6 LEs                ; 24 LEs                 ; No         ; |DE10_SOC|picosoc_AIP:soc|picorv32:cpu|decoded_rs2                                                                                                      ;
; 18:1               ; 2 bits    ; 24 LEs        ; 10 LEs               ; 14 LEs                 ; No         ; |DE10_SOC|picosoc_AIP:soc|picorv32:cpu|cpu_state                                                                                                        ;
+--------------------+-----------+---------------+----------------------+------------------------+------------+---------------------------------------------------------------------------------------------------------------------------------------------------------+


+-------------------------------------------------------------------------------------------------------------+
; Source assignments for picosoc_AIP:soc|picorv32:cpu|altsyncram:cpuregs_rtl_0|altsyncram_t6d1:auto_generated ;
+---------------------------------+--------------------+------+-----------------------------------------------+
; Assignment                      ; Value              ; From ; To                                            ;
+---------------------------------+--------------------+------+-----------------------------------------------+
; OPTIMIZE_POWER_DURING_SYNTHESIS ; NORMAL_COMPILATION ; -    ; -                                             ;
+---------------------------------+--------------------+------+-----------------------------------------------+


+-------------------------------------------------------------------------------------------------------------+
; Source assignments for picosoc_AIP:soc|picorv32:cpu|altsyncram:cpuregs_rtl_1|altsyncram_t6d1:auto_generated ;
+---------------------------------+--------------------+------+-----------------------------------------------+
; Assignment                      ; Value              ; From ; To                                            ;
+---------------------------------+--------------------+------+-----------------------------------------------+
; OPTIMIZE_POWER_DURING_SYNTHESIS ; NORMAL_COMPILATION ; -    ; -                                             ;
+---------------------------------+--------------------+------+-----------------------------------------------+


+----------------------------------------------------------------------------------------------------------------------------------------------------------------------------------------------------------------------------------+
; Source assignments for picosoc_AIP:soc|ID00001001_dummy:DUMMY0|ID00001001_aip:INTERFACE|ID00001001_aipModules:AIP|simple_dual_port_ram_single_clk:MEMOUT[0].MEMOUT|altsyncram:RAM_Structure_rtl_0|altsyncram_onb1:auto_generated ;
+---------------------------------+--------------------+------+--------------------------------------------------------------------------------------------------------------------------------------------------------------------+
; Assignment                      ; Value              ; From ; To                                                                                                                                                                 ;
+---------------------------------+--------------------+------+--------------------------------------------------------------------------------------------------------------------------------------------------------------------+
; OPTIMIZE_POWER_DURING_SYNTHESIS ; NORMAL_COMPILATION ; -    ; -                                                                                                                                                                  ;
+---------------------------------+--------------------+------+--------------------------------------------------------------------------------------------------------------------------------------------------------------------+


+-----------------------------------------------------------------------------------------------------------------------------------------------------------------------------------------------------------------+
; Source assignments for picosoc_AIP:soc|ID0000200F_aip:interface_PICORV32|ID0000200F_aipModules:AIP|simple_dual_port_ram_single_clk:MEMIN[0].MEMIN|altsyncram:RAM_Structure_rtl_0|altsyncram_vfd1:auto_generated ;
+---------------------------------+--------------------+------+---------------------------------------------------------------------------------------------------------------------------------------------------+
; Assignment                      ; Value              ; From ; To                                                                                                                                                ;
+---------------------------------+--------------------+------+---------------------------------------------------------------------------------------------------------------------------------------------------+
; OPTIMIZE_POWER_DURING_SYNTHESIS ; NORMAL_COMPILATION ; -    ; -                                                                                                                                                 ;
+---------------------------------+--------------------+------+---------------------------------------------------------------------------------------------------------------------------------------------------+


+--------------------------------------------------------------------------------------------------------------------------------------------------------------------------------------------------------------------------------+
; Source assignments for picosoc_AIP:soc|ID00001001_dummy:DUMMY0|ID00001001_aip:INTERFACE|ID00001001_aipModules:AIP|simple_dual_port_ram_single_clk:MEMIN[0].MEMIN|altsyncram:RAM_Structure_rtl_0|altsyncram_onb1:auto_generated ;
+---------------------------------+--------------------+------+------------------------------------------------------------------------------------------------------------------------------------------------------------------+
; Assignment                      ; Value              ; From ; To                                                                                                                                                               ;
+---------------------------------+--------------------+------+------------------------------------------------------------------------------------------------------------------------------------------------------------------+
; OPTIMIZE_POWER_DURING_SYNTHESIS ; NORMAL_COMPILATION ; -    ; -                                                                                                                                                                ;
+---------------------------------+--------------------+------+------------------------------------------------------------------------------------------------------------------------------------------------------------------+


+--------------------------------------------------------------------------+
; Parameter Settings for User Entity Instance: Top-level Entity: |DE10_SOC ;
+----------------+-------+-------------------------------------------------+
; Parameter Name ; Value ; Type                                            ;
+----------------+-------+-------------------------------------------------+
; MEM_WORDS      ; 2048  ; Signed Integer                                  ;
+----------------+-------+-------------------------------------------------+
Note: In order to hide this table in the UI and the text report file, please set the "Show Parameter Settings in Synthesis Report" option in "Analysis and Synthesis Settings -> More Settings" to "Off".


+------------------------------------------------------+
; Parameter Settings for User Entity Instance: ipm:IPM ;
+----------------+-------+-----------------------------+
; Parameter Name ; Value ; Type                        ;
+----------------+-------+-----------------------------+
; NUM_IPS        ; 1     ; Signed Integer              ;
; DATA_WIDTH_MCU ; 8     ; Signed Integer              ;
; ADDR_WIDTH     ; 4     ; Signed Integer              ;
; DATA_WIDTH_IP  ; 32    ; Signed Integer              ;
; CTRL_WIDTH     ; 3     ; Signed Integer              ;
; CONF_WIDTH     ; 5     ; Signed Integer              ;
+----------------+-------+-----------------------------+
Note: In order to hide this table in the UI and the text report file, please set the "Show Parameter Settings in Synthesis Report" option in "Analysis and Synthesis Settings -> More Settings" to "Off".


+---------------------------------------------------------------------------+
; Parameter Settings for User Entity Instance: ipm:IPM|ipm_register:IPM_REG ;
+----------------+-------+--------------------------------------------------+
; Parameter Name ; Value ; Type                                             ;
+----------------+-------+--------------------------------------------------+
; DATA_WIDTH_MCU ; 8     ; Signed Integer                                   ;
; ADDR_WIDTH     ; 4     ; Signed Integer                                   ;
; DATA_WIDTH_IP  ; 32    ; Signed Integer                                   ;
; CTRL_WIDTH     ; 3     ; Signed Integer                                   ;
; CONF_WIDTH     ; 5     ; Signed Integer                                   ;
+----------------+-------+--------------------------------------------------+
Note: In order to hide this table in the UI and the text report file, please set the "Show Parameter Settings in Synthesis Report" option in "Analysis and Synthesis Settings -> More Settings" to "Off".


+---------------------------------------------------------------------------+
; Parameter Settings for User Entity Instance: picosoc_AIP:soc              ;
+----------------------+----------------------------------+-----------------+
; Parameter Name       ; Value                            ; Type            ;
+----------------------+----------------------------------+-----------------+
; ENABLE_COUNTERS      ; 1                                ; Unsigned Binary ;
; ENABLE_COUNTERS64    ; 1                                ; Unsigned Binary ;
; ENABLE_REGS_16_31    ; 1                                ; Unsigned Binary ;
; ENABLE_REGS_DUALPORT ; 1                                ; Unsigned Binary ;
; TWO_STAGE_SHIFT      ; 1                                ; Unsigned Binary ;
; BARREL_SHIFTER       ; 0                                ; Signed Integer  ;
; TWO_CYCLE_COMPARE    ; 0                                ; Unsigned Binary ;
; TWO_CYCLE_ALU        ; 0                                ; Unsigned Binary ;
; COMPRESSED_ISA       ; 1                                ; Unsigned Binary ;
; CATCH_MISALIGN       ; 1                                ; Unsigned Binary ;
; CATCH_ILLINSN        ; 1                                ; Unsigned Binary ;
; ENABLE_PCPI          ; 0                                ; Unsigned Binary ;
; ENABLE_MUL           ; 0                                ; Signed Integer  ;
; ENABLE_FAST_MUL      ; 1                                ; Signed Integer  ;
; ENABLE_DIV           ; 0                                ; Signed Integer  ;
; ENABLE_IRQ           ; 1                                ; Unsigned Binary ;
; ENABLE_IRQ_QREGS     ; 1                                ; Unsigned Binary ;
; ENABLE_IRQ_TIMER     ; 1                                ; Unsigned Binary ;
; ENABLE_TRACE         ; 1                                ; Unsigned Binary ;
; REGS_INIT_ZERO       ; 0                                ; Unsigned Binary ;
; MASKED_IRQ           ; 00000000000000000000000000000000 ; Unsigned Binary ;
; LATCHED_IRQ          ; 11111111111111111111111111111111 ; Unsigned Binary ;
; ENABLE_COMPRESSED    ; 1                                ; Unsigned Binary ;
; MEM_WORDS            ; 2048                             ; Signed Integer  ;
; STACKADDR            ; 00000000000000000001000000000000 ; Unsigned Binary ;
; PROGADDR_RESET       ; 00000000000100000000000000000000 ; Unsigned Binary ;
; PROGADDR_IRQ         ; 00000000000100000000000000010000 ; Unsigned Binary ;
+----------------------+----------------------------------+-----------------+
Note: In order to hide this table in the UI and the text report file, please set the "Show Parameter Settings in Synthesis Report" option in "Analysis and Synthesis Settings -> More Settings" to "Off".


+---------------------------------------------------------------------------+
; Parameter Settings for User Entity Instance: picosoc_AIP:soc|picorv32:cpu ;
+----------------------+----------------------------------+-----------------+
; Parameter Name       ; Value                            ; Type            ;
+----------------------+----------------------------------+-----------------+
; ENABLE_COUNTERS      ; 1                                ; Unsigned Binary ;
; ENABLE_COUNTERS64    ; 1                                ; Unsigned Binary ;
; ENABLE_REGS_16_31    ; 1                                ; Unsigned Binary ;
; ENABLE_REGS_DUALPORT ; 1                                ; Unsigned Binary ;
; LATCHED_MEM_RDATA    ; 0                                ; Unsigned Binary ;
; TWO_STAGE_SHIFT      ; 1                                ; Unsigned Binary ;
; BARREL_SHIFTER       ; 0                                ; Unsigned Binary ;
; TWO_CYCLE_COMPARE    ; 0                                ; Unsigned Binary ;
; TWO_CYCLE_ALU        ; 0                                ; Unsigned Binary ;
; COMPRESSED_ISA       ; 1                                ; Unsigned Binary ;
; CATCH_MISALIGN       ; 1                                ; Unsigned Binary ;
; CATCH_ILLINSN        ; 1                                ; Unsigned Binary ;
; ENABLE_PCPI          ; 0                                ; Unsigned Binary ;
; ENABLE_MUL           ; 0                                ; Unsigned Binary ;
; ENABLE_FAST_MUL      ; 1                                ; Unsigned Binary ;
; ENABLE_DIV           ; 0                                ; Unsigned Binary ;
; ENABLE_IRQ           ; 1                                ; Unsigned Binary ;
; ENABLE_IRQ_QREGS     ; 1                                ; Unsigned Binary ;
; ENABLE_IRQ_TIMER     ; 1                                ; Unsigned Binary ;
; ENABLE_TRACE         ; 1                                ; Unsigned Binary ;
; REGS_INIT_ZERO       ; 0                                ; Unsigned Binary ;
; MASKED_IRQ           ; 00000000000000000000000000000000 ; Unsigned Binary ;
; LATCHED_IRQ          ; 11111111111111111111111111111111 ; Unsigned Binary ;
; PROGADDR_RESET       ; 00000000000100000000000000000000 ; Unsigned Binary ;
; PROGADDR_IRQ         ; 00000000000100000000000000010000 ; Unsigned Binary ;
; STACKADDR            ; 00000000000000000001000000000000 ; Unsigned Binary ;
+----------------------+----------------------------------+-----------------+
Note: In order to hide this table in the UI and the text report file, please set the "Show Parameter Settings in Synthesis Report" option in "Analysis and Synthesis Settings -> More Settings" to "Off".


+-----------------------------------------------------------------------------------------------------------+
; Parameter Settings for User Entity Instance: picosoc_AIP:soc|picorv32:cpu|picorv32_pcpi_fast_mul:pcpi_mul ;
+----------------+-------+----------------------------------------------------------------------------------+
; Parameter Name ; Value ; Type                                                                             ;
+----------------+-------+----------------------------------------------------------------------------------+
; EXTRA_MUL_FFS  ; 0     ; Signed Integer                                                                   ;
; EXTRA_INSN_FFS ; 0     ; Signed Integer                                                                   ;
; MUL_CLKGATE    ; 0     ; Signed Integer                                                                   ;
+----------------+-------+----------------------------------------------------------------------------------+
Note: In order to hide this table in the UI and the text report file, please set the "Show Parameter Settings in Synthesis Report" option in "Analysis and Synthesis Settings -> More Settings" to "Off".


+------------------------------------------------------------------------------------+
; Parameter Settings for User Entity Instance: picosoc_AIP:soc|simpleuart:simpleuart ;
+----------------+-------+-----------------------------------------------------------+
; Parameter Name ; Value ; Type                                                      ;
+----------------+-------+-----------------------------------------------------------+
; DEFAULT_DIV    ; 1     ; Signed Integer                                            ;
+----------------+-------+-----------------------------------------------------------+
Note: In order to hide this table in the UI and the text report file, please set the "Show Parameter Settings in Synthesis Report" option in "Analysis and Synthesis Settings -> More Settings" to "Off".


+---------------------------------------------------------------------------------+
; Parameter Settings for User Entity Instance: picosoc_AIP:soc|picosoc_mem:memory ;
+----------------+-------+--------------------------------------------------------+
; Parameter Name ; Value ; Type                                                   ;
+----------------+-------+--------------------------------------------------------+
; WORDS          ; 1024  ; Signed Integer                                         ;
+----------------+-------+--------------------------------------------------------+
Note: In order to hide this table in the UI and the text report file, please set the "Show Parameter Settings in Synthesis Report" option in "Analysis and Synthesis Settings -> More Settings" to "Off".


+------------------------------------------------------------------------------------------------+
; Parameter Settings for User Entity Instance: picosoc_AIP:soc|ID0000200F_aip:interface_PICORV32 ;
+----------------+-------+-----------------------------------------------------------------------+
; Parameter Name ; Value ; Type                                                                  ;
+----------------+-------+-----------------------------------------------------------------------+
; WORDS          ; 2048  ; Signed Integer                                                        ;
+----------------+-------+-----------------------------------------------------------------------+
Note: In order to hide this table in the UI and the text report file, please set the "Show Parameter Settings in Synthesis Report" option in "Analysis and Synthesis Settings -> More Settings" to "Off".


+--------------------------------------------------------------------------------------------------------------------------+
; Parameter Settings for User Entity Instance: picosoc_AIP:soc|ID0000200F_aip:interface_PICORV32|ID0000200F_aipModules:AIP ;
+----------------+-------+-------------------------------------------------------------------------------------------------+
; Parameter Name ; Value ; Type                                                                                            ;
+----------------+-------+-------------------------------------------------------------------------------------------------+
; WORDS          ; 2048  ; Signed Integer                                                                                  ;
+----------------+-------+-------------------------------------------------------------------------------------------------+
Note: In order to hide this table in the UI and the text report file, please set the "Show Parameter Settings in Synthesis Report" option in "Analysis and Synthesis Settings -> More Settings" to "Off".


+-------------------------------------------------------------------------------------------------------------------------------------------------------------------------+
; Parameter Settings for User Entity Instance: picosoc_AIP:soc|ID0000200F_aip:interface_PICORV32|ID0000200F_aipModules:AIP|simple_dual_port_ram_single_clk:MEMIN[0].MEMIN ;
+----------------+------------------+-------------------------------------------------------------------------------------------------------------------------------------+
; Parameter Name ; Value            ; Type                                                                                                                                ;
+----------------+------------------+-------------------------------------------------------------------------------------------------------------------------------------+
; DATA_WIDTH     ; 32               ; Signed Integer                                                                                                                      ;
; ADDR_WIDTH     ; 0000000000001011 ; Unsigned Binary                                                                                                                     ;
+----------------+------------------+-------------------------------------------------------------------------------------------------------------------------------------+
Note: In order to hide this table in the UI and the text report file, please set the "Show Parameter Settings in Synthesis Report" option in "Analysis and Synthesis Settings -> More Settings" to "Off".


+---------------------------------------------------------------------------------------------------------------------------------------------------------------------------+
; Parameter Settings for User Entity Instance: picosoc_AIP:soc|ID0000200F_aip:interface_PICORV32|ID0000200F_aipModules:AIP|simple_dual_port_ram_single_clk:MEMOUT[0].MEMOUT ;
+----------------+------------------+---------------------------------------------------------------------------------------------------------------------------------------+
; Parameter Name ; Value            ; Type                                                                                                                                  ;
+----------------+------------------+---------------------------------------------------------------------------------------------------------------------------------------+
; DATA_WIDTH     ; 32               ; Signed Integer                                                                                                                        ;
; ADDR_WIDTH     ; 0000000000001001 ; Unsigned Binary                                                                                                                       ;
+----------------+------------------+---------------------------------------------------------------------------------------------------------------------------------------+
Note: In order to hide this table in the UI and the text report file, please set the "Show Parameter Settings in Synthesis Report" option in "Analysis and Synthesis Settings -> More Settings" to "Off".


+-----------------------------------------------------------------------------------------------------------------------------------------------------------+
; Parameter Settings for User Entity Instance: picosoc_AIP:soc|ID0000200F_aip:interface_PICORV32|ID0000200F_aipModules:AIP|aipConfigurationRegister:CONFREG ;
+----------------+-------+----------------------------------------------------------------------------------------------------------------------------------+
; Parameter Name ; Value ; Type                                                                                                                             ;
+----------------+-------+----------------------------------------------------------------------------------------------------------------------------------+
; DATAWIDTH      ; 32    ; Signed Integer                                                                                                                   ;
; REGISTERS      ; 100   ; Unsigned Binary                                                                                                                  ;
+----------------+-------+----------------------------------------------------------------------------------------------------------------------------------+
Note: In order to hide this table in the UI and the text report file, please set the "Show Parameter Settings in Synthesis Report" option in "Analysis and Synthesis Settings -> More Settings" to "Off".


+---------------------------------------------------------------------------------------------------------------------------------------------------+
; Parameter Settings for User Entity Instance: picosoc_AIP:soc|ID0000200F_aip:interface_PICORV32|ID0000200F_aipModules:AIP|ID0000200F_aipCtrl:CNTRL ;
+---------------------+----------------------------------+------------------------------------------------------------------------------------------+
; Parameter Name      ; Value                            ; Type                                                                                     ;
+---------------------+----------------------------------+------------------------------------------------------------------------------------------+
; SIZE_MUX            ; 00000000000000000000000000000010 ; Unsigned Binary                                                                          ;
; CONFIG_MEM_IN       ; 0000100000                       ; Unsigned Binary                                                                          ;
; CONFIG_MEM_OUT      ; 0001100010                       ; Unsigned Binary                                                                          ;
; CONF_REG_ADDR_WIDTH ; 100                              ; Unsigned Binary                                                                          ;
; CONFIG_CONF_REG     ; 0010100100                       ; Unsigned Binary                                                                          ;
+---------------------+----------------------------------+------------------------------------------------------------------------------------------+
Note: In order to hide this table in the UI and the text report file, please set the "Show Parameter Settings in Synthesis Report" option in "Analysis and Synthesis Settings -> More Settings" to "Off".


+-----------------------------------------------------------------------------------------------------------------------------------------------+
; Parameter Settings for User Entity Instance: picosoc_AIP:soc|ID0000200F_aip:interface_PICORV32|ID0000200F_aipModules:AIP|aipParametricMux:MUX ;
+----------------+----------------------------------+-------------------------------------------------------------------------------------------+
; Parameter Name ; Value                            ; Type                                                                                      ;
+----------------+----------------------------------+-------------------------------------------------------------------------------------------+
; DATAWIDTH      ; 32                               ; Signed Integer                                                                            ;
; SELBITS        ; 00000000000000000000000000000010 ; Unsigned Binary                                                                           ;
+----------------+----------------------------------+-------------------------------------------------------------------------------------------+
Note: In order to hide this table in the UI and the text report file, please set the "Show Parameter Settings in Synthesis Report" option in "Analysis and Synthesis Settings -> More Settings" to "Off".


+-----------------------------------------------------------------------------------------------------------------------------------+
; Parameter Settings for User Entity Instance: picosoc_AIP:soc|ID0000200F_aip:interface_PICORV32|ID0000200F_aipModules:AIP|aipId:ID ;
+----------------+----------------------------------+-------------------------------------------------------------------------------+
; Parameter Name ; Value                            ; Type                                                                          ;
+----------------+----------------------------------+-------------------------------------------------------------------------------+
; SIZE_REG       ; 00000000000000000000000000100000 ; Unsigned Binary                                                               ;
; ID             ; 00000000000000000010000000001111 ; Unsigned Binary                                                               ;
+----------------+----------------------------------+-------------------------------------------------------------------------------+
Note: In order to hide this table in the UI and the text report file, please set the "Show Parameter Settings in Synthesis Report" option in "Analysis and Synthesis Settings -> More Settings" to "Off".


+----------------------------------------------------------------------------------------------------------------------------------------------------------------------------------------+
; Parameter Settings for User Entity Instance: picosoc_AIP:soc|ID00001001_dummy:DUMMY0|ID00001001_aip:INTERFACE|ID00001001_aipModules:AIP|simple_dual_port_ram_single_clk:MEMIN[0].MEMIN ;
+----------------+------------------+----------------------------------------------------------------------------------------------------------------------------------------------------+
; Parameter Name ; Value            ; Type                                                                                                                                               ;
+----------------+------------------+----------------------------------------------------------------------------------------------------------------------------------------------------+
; DATA_WIDTH     ; 32               ; Signed Integer                                                                                                                                     ;
; ADDR_WIDTH     ; 0000000000000110 ; Unsigned Binary                                                                                                                                    ;
+----------------+------------------+----------------------------------------------------------------------------------------------------------------------------------------------------+
Note: In order to hide this table in the UI and the text report file, please set the "Show Parameter Settings in Synthesis Report" option in "Analysis and Synthesis Settings -> More Settings" to "Off".


+------------------------------------------------------------------------------------------------------------------------------------------------------------------------------------------+
; Parameter Settings for User Entity Instance: picosoc_AIP:soc|ID00001001_dummy:DUMMY0|ID00001001_aip:INTERFACE|ID00001001_aipModules:AIP|simple_dual_port_ram_single_clk:MEMOUT[0].MEMOUT ;
+----------------+------------------+------------------------------------------------------------------------------------------------------------------------------------------------------+
; Parameter Name ; Value            ; Type                                                                                                                                                 ;
+----------------+------------------+------------------------------------------------------------------------------------------------------------------------------------------------------+
; DATA_WIDTH     ; 32               ; Signed Integer                                                                                                                                       ;
; ADDR_WIDTH     ; 0000000000000110 ; Unsigned Binary                                                                                                                                      ;
+----------------+------------------+------------------------------------------------------------------------------------------------------------------------------------------------------+
Note: In order to hide this table in the UI and the text report file, please set the "Show Parameter Settings in Synthesis Report" option in "Analysis and Synthesis Settings -> More Settings" to "Off".


+--------------------------------------------------------------------------------------------------------------------------------------------------------------------------+
; Parameter Settings for User Entity Instance: picosoc_AIP:soc|ID00001001_dummy:DUMMY0|ID00001001_aip:INTERFACE|ID00001001_aipModules:AIP|aipConfigurationRegister:CONFREG ;
+----------------+-------+-------------------------------------------------------------------------------------------------------------------------------------------------+
; Parameter Name ; Value ; Type                                                                                                                                            ;
+----------------+-------+-------------------------------------------------------------------------------------------------------------------------------------------------+
; DATAWIDTH      ; 32    ; Signed Integer                                                                                                                                  ;
; REGISTERS      ; 001   ; Unsigned Binary                                                                                                                                 ;
+----------------+-------+-------------------------------------------------------------------------------------------------------------------------------------------------+
Note: In order to hide this table in the UI and the text report file, please set the "Show Parameter Settings in Synthesis Report" option in "Analysis and Synthesis Settings -> More Settings" to "Off".


+------------------------------------------------------------------------------------------------------------------------------------------------------------------+
; Parameter Settings for User Entity Instance: picosoc_AIP:soc|ID00001001_dummy:DUMMY0|ID00001001_aip:INTERFACE|ID00001001_aipModules:AIP|ID00001001_aipCtrl:CNTRL ;
+---------------------+----------------------------------+---------------------------------------------------------------------------------------------------------+
; Parameter Name      ; Value                            ; Type                                                                                                    ;
+---------------------+----------------------------------+---------------------------------------------------------------------------------------------------------+
; SIZE_MUX            ; 00000000000000000000000000000010 ; Unsigned Binary                                                                                         ;
; CONFIG_MEM_IN       ; 0000100000                       ; Unsigned Binary                                                                                         ;
; CONFIG_MEM_OUT      ; 0001100010                       ; Unsigned Binary                                                                                         ;
; CONF_REG_ADDR_WIDTH ; 001                              ; Unsigned Binary                                                                                         ;
; CONFIG_CONF_REG     ; 0010100100                       ; Unsigned Binary                                                                                         ;
+---------------------+----------------------------------+---------------------------------------------------------------------------------------------------------+
Note: In order to hide this table in the UI and the text report file, please set the "Show Parameter Settings in Synthesis Report" option in "Analysis and Synthesis Settings -> More Settings" to "Off".


+--------------------------------------------------------------------------------------------------------------------------------------------------------------+
; Parameter Settings for User Entity Instance: picosoc_AIP:soc|ID00001001_dummy:DUMMY0|ID00001001_aip:INTERFACE|ID00001001_aipModules:AIP|aipParametricMux:MUX ;
+----------------+----------------------------------+----------------------------------------------------------------------------------------------------------+
; Parameter Name ; Value                            ; Type                                                                                                     ;
+----------------+----------------------------------+----------------------------------------------------------------------------------------------------------+
; DATAWIDTH      ; 32                               ; Signed Integer                                                                                           ;
; SELBITS        ; 00000000000000000000000000000010 ; Unsigned Binary                                                                                          ;
+----------------+----------------------------------+----------------------------------------------------------------------------------------------------------+
Note: In order to hide this table in the UI and the text report file, please set the "Show Parameter Settings in Synthesis Report" option in "Analysis and Synthesis Settings -> More Settings" to "Off".


+--------------------------------------------------------------------------------------------------------------------------------------------------+
; Parameter Settings for User Entity Instance: picosoc_AIP:soc|ID00001001_dummy:DUMMY0|ID00001001_aip:INTERFACE|ID00001001_aipModules:AIP|aipId:ID ;
+----------------+----------------------------------+----------------------------------------------------------------------------------------------+
; Parameter Name ; Value                            ; Type                                                                                         ;
+----------------+----------------------------------+----------------------------------------------------------------------------------------------+
; SIZE_REG       ; 00000000000000000000000000100000 ; Unsigned Binary                                                                              ;
; ID             ; 00000000000000000001000000000001 ; Unsigned Binary                                                                              ;
+----------------+----------------------------------+----------------------------------------------------------------------------------------------+
Note: In order to hide this table in the UI and the text report file, please set the "Show Parameter Settings in Synthesis Report" option in "Analysis and Synthesis Settings -> More Settings" to "Off".


+----------------------------------------------------------------------------------------------------------------+
; Parameter Settings for User Entity Instance: picosoc_AIP:soc|ID00001001_dummy:DUMMY0|ID00001001_dummyCore:CORE ;
+-----------------+----------------------------------+-----------------------------------------------------------+
; Parameter Name  ; Value                            ; Type                                                      ;
+-----------------+----------------------------------+-----------------------------------------------------------+
; ADDR_WIDTH_MEMI ; 00000000000000000000000000000110 ; Unsigned Binary                                           ;
; ADDR_WIDTH_MEMO ; 00000000000000000000000000000110 ; Unsigned Binary                                           ;
; SIZE_CR         ; 00000000000000000000000000000001 ; Unsigned Binary                                           ;
+-----------------+----------------------------------+-----------------------------------------------------------+
Note: In order to hide this table in the UI and the text report file, please set the "Show Parameter Settings in Synthesis Report" option in "Analysis and Synthesis Settings -> More Settings" to "Off".


+-------------------------------------------------------------------------------------------------------------------------------------------+
; Parameter Settings for User Entity Instance: picosoc_AIP:soc|ID00001001_dummy:DUMMY0|ID00001001_dummyCore:CORE|ID00001001_dummyCtrl:CNTRL ;
+-----------------+----------------------------------+--------------------------------------------------------------------------------------+
; Parameter Name  ; Value                            ; Type                                                                                 ;
+-----------------+----------------------------------+--------------------------------------------------------------------------------------+
; ADDR_WIDTH_MEMI ; 00000000000000000000000000000110 ; Unsigned Binary                                                                      ;
; ADDR_WIDTH_MEMO ; 00000000000000000000000000000110 ; Unsigned Binary                                                                      ;
; SIZE_CR         ; 00000000000000000000000000000001 ; Unsigned Binary                                                                      ;
+-----------------+----------------------------------+--------------------------------------------------------------------------------------+
Note: In order to hide this table in the UI and the text report file, please set the "Show Parameter Settings in Synthesis Report" option in "Analysis and Synthesis Settings -> More Settings" to "Off".


+--------------------------------------------------------------------------------------------------------+
; Parameter Settings for Inferred Entity Instance: picosoc_AIP:soc|picorv32:cpu|altsyncram:cpuregs_rtl_0 ;
+------------------------------------+----------------------+--------------------------------------------+
; Parameter Name                     ; Value                ; Type                                       ;
+------------------------------------+----------------------+--------------------------------------------+
; BYTE_SIZE_BLOCK                    ; 8                    ; Untyped                                    ;
; AUTO_CARRY_CHAINS                  ; ON                   ; AUTO_CARRY                                 ;
; IGNORE_CARRY_BUFFERS               ; OFF                  ; IGNORE_CARRY                               ;
; AUTO_CASCADE_CHAINS                ; ON                   ; AUTO_CASCADE                               ;
; IGNORE_CASCADE_BUFFERS             ; OFF                  ; IGNORE_CASCADE                             ;
; WIDTH_BYTEENA                      ; 1                    ; Untyped                                    ;
; OPERATION_MODE                     ; DUAL_PORT            ; Untyped                                    ;
; WIDTH_A                            ; 32                   ; Untyped                                    ;
; WIDTHAD_A                          ; 6                    ; Untyped                                    ;
; NUMWORDS_A                         ; 36                   ; Untyped                                    ;
; OUTDATA_REG_A                      ; UNREGISTERED         ; Untyped                                    ;
; ADDRESS_ACLR_A                     ; NONE                 ; Untyped                                    ;
; OUTDATA_ACLR_A                     ; NONE                 ; Untyped                                    ;
; WRCONTROL_ACLR_A                   ; NONE                 ; Untyped                                    ;
; INDATA_ACLR_A                      ; NONE                 ; Untyped                                    ;
; BYTEENA_ACLR_A                     ; NONE                 ; Untyped                                    ;
; WIDTH_B                            ; 32                   ; Untyped                                    ;
; WIDTHAD_B                          ; 6                    ; Untyped                                    ;
; NUMWORDS_B                         ; 36                   ; Untyped                                    ;
; INDATA_REG_B                       ; CLOCK1               ; Untyped                                    ;
; WRCONTROL_WRADDRESS_REG_B          ; CLOCK1               ; Untyped                                    ;
; RDCONTROL_REG_B                    ; CLOCK1               ; Untyped                                    ;
; ADDRESS_REG_B                      ; CLOCK0               ; Untyped                                    ;
; OUTDATA_REG_B                      ; UNREGISTERED         ; Untyped                                    ;
; BYTEENA_REG_B                      ; CLOCK1               ; Untyped                                    ;
; INDATA_ACLR_B                      ; NONE                 ; Untyped                                    ;
; WRCONTROL_ACLR_B                   ; NONE                 ; Untyped                                    ;
; ADDRESS_ACLR_B                     ; NONE                 ; Untyped                                    ;
; OUTDATA_ACLR_B                     ; NONE                 ; Untyped                                    ;
; RDCONTROL_ACLR_B                   ; NONE                 ; Untyped                                    ;
; BYTEENA_ACLR_B                     ; NONE                 ; Untyped                                    ;
; WIDTH_BYTEENA_A                    ; 1                    ; Untyped                                    ;
; WIDTH_BYTEENA_B                    ; 1                    ; Untyped                                    ;
; RAM_BLOCK_TYPE                     ; AUTO                 ; Untyped                                    ;
; BYTE_SIZE                          ; 8                    ; Untyped                                    ;
; READ_DURING_WRITE_MODE_MIXED_PORTS ; DONT_CARE            ; Untyped                                    ;
; READ_DURING_WRITE_MODE_PORT_A      ; NEW_DATA_NO_NBE_READ ; Untyped                                    ;
; READ_DURING_WRITE_MODE_PORT_B      ; NEW_DATA_NO_NBE_READ ; Untyped                                    ;
; INIT_FILE                          ; UNUSED               ; Untyped                                    ;
; INIT_FILE_LAYOUT                   ; PORT_A               ; Untyped                                    ;
; MAXIMUM_DEPTH                      ; 0                    ; Untyped                                    ;
; CLOCK_ENABLE_INPUT_A               ; NORMAL               ; Untyped                                    ;
; CLOCK_ENABLE_INPUT_B               ; NORMAL               ; Untyped                                    ;
; CLOCK_ENABLE_OUTPUT_A              ; NORMAL               ; Untyped                                    ;
; CLOCK_ENABLE_OUTPUT_B              ; NORMAL               ; Untyped                                    ;
; CLOCK_ENABLE_CORE_A                ; USE_INPUT_CLKEN      ; Untyped                                    ;
; CLOCK_ENABLE_CORE_B                ; USE_INPUT_CLKEN      ; Untyped                                    ;
; ENABLE_ECC                         ; FALSE                ; Untyped                                    ;
; ECC_PIPELINE_STAGE_ENABLED         ; FALSE                ; Untyped                                    ;
; WIDTH_ECCSTATUS                    ; 3                    ; Untyped                                    ;
; DEVICE_FAMILY                      ; MAX 10               ; Untyped                                    ;
; CBXI_PARAMETER                     ; altsyncram_t6d1      ; Untyped                                    ;
+------------------------------------+----------------------+--------------------------------------------+
Note: In order to hide this table in the UI and the text report file, please set the "Show Parameter Settings in Synthesis Report" option in "Analysis and Synthesis Settings -> More Settings" to "Off".


+--------------------------------------------------------------------------------------------------------+
; Parameter Settings for Inferred Entity Instance: picosoc_AIP:soc|picorv32:cpu|altsyncram:cpuregs_rtl_1 ;
+------------------------------------+----------------------+--------------------------------------------+
; Parameter Name                     ; Value                ; Type                                       ;
+------------------------------------+----------------------+--------------------------------------------+
; BYTE_SIZE_BLOCK                    ; 8                    ; Untyped                                    ;
; AUTO_CARRY_CHAINS                  ; ON                   ; AUTO_CARRY                                 ;
; IGNORE_CARRY_BUFFERS               ; OFF                  ; IGNORE_CARRY                               ;
; AUTO_CASCADE_CHAINS                ; ON                   ; AUTO_CASCADE                               ;
; IGNORE_CASCADE_BUFFERS             ; OFF                  ; IGNORE_CASCADE                             ;
; WIDTH_BYTEENA                      ; 1                    ; Untyped                                    ;
; OPERATION_MODE                     ; DUAL_PORT            ; Untyped                                    ;
; WIDTH_A                            ; 32                   ; Untyped                                    ;
; WIDTHAD_A                          ; 6                    ; Untyped                                    ;
; NUMWORDS_A                         ; 36                   ; Untyped                                    ;
; OUTDATA_REG_A                      ; UNREGISTERED         ; Untyped                                    ;
; ADDRESS_ACLR_A                     ; NONE                 ; Untyped                                    ;
; OUTDATA_ACLR_A                     ; NONE                 ; Untyped                                    ;
; WRCONTROL_ACLR_A                   ; NONE                 ; Untyped                                    ;
; INDATA_ACLR_A                      ; NONE                 ; Untyped                                    ;
; BYTEENA_ACLR_A                     ; NONE                 ; Untyped                                    ;
; WIDTH_B                            ; 32                   ; Untyped                                    ;
; WIDTHAD_B                          ; 6                    ; Untyped                                    ;
; NUMWORDS_B                         ; 36                   ; Untyped                                    ;
; INDATA_REG_B                       ; CLOCK1               ; Untyped                                    ;
; WRCONTROL_WRADDRESS_REG_B          ; CLOCK1               ; Untyped                                    ;
; RDCONTROL_REG_B                    ; CLOCK1               ; Untyped                                    ;
; ADDRESS_REG_B                      ; CLOCK0               ; Untyped                                    ;
; OUTDATA_REG_B                      ; UNREGISTERED         ; Untyped                                    ;
; BYTEENA_REG_B                      ; CLOCK1               ; Untyped                                    ;
; INDATA_ACLR_B                      ; NONE                 ; Untyped                                    ;
; WRCONTROL_ACLR_B                   ; NONE                 ; Untyped                                    ;
; ADDRESS_ACLR_B                     ; NONE                 ; Untyped                                    ;
; OUTDATA_ACLR_B                     ; NONE                 ; Untyped                                    ;
; RDCONTROL_ACLR_B                   ; NONE                 ; Untyped                                    ;
; BYTEENA_ACLR_B                     ; NONE                 ; Untyped                                    ;
; WIDTH_BYTEENA_A                    ; 1                    ; Untyped                                    ;
; WIDTH_BYTEENA_B                    ; 1                    ; Untyped                                    ;
; RAM_BLOCK_TYPE                     ; AUTO                 ; Untyped                                    ;
; BYTE_SIZE                          ; 8                    ; Untyped                                    ;
; READ_DURING_WRITE_MODE_MIXED_PORTS ; DONT_CARE            ; Untyped                                    ;
; READ_DURING_WRITE_MODE_PORT_A      ; NEW_DATA_NO_NBE_READ ; Untyped                                    ;
; READ_DURING_WRITE_MODE_PORT_B      ; NEW_DATA_NO_NBE_READ ; Untyped                                    ;
; INIT_FILE                          ; UNUSED               ; Untyped                                    ;
; INIT_FILE_LAYOUT                   ; PORT_A               ; Untyped                                    ;
; MAXIMUM_DEPTH                      ; 0                    ; Untyped                                    ;
; CLOCK_ENABLE_INPUT_A               ; NORMAL               ; Untyped                                    ;
; CLOCK_ENABLE_INPUT_B               ; NORMAL               ; Untyped                                    ;
; CLOCK_ENABLE_OUTPUT_A              ; NORMAL               ; Untyped                                    ;
; CLOCK_ENABLE_OUTPUT_B              ; NORMAL               ; Untyped                                    ;
; CLOCK_ENABLE_CORE_A                ; USE_INPUT_CLKEN      ; Untyped                                    ;
; CLOCK_ENABLE_CORE_B                ; USE_INPUT_CLKEN      ; Untyped                                    ;
; ENABLE_ECC                         ; FALSE                ; Untyped                                    ;
; ECC_PIPELINE_STAGE_ENABLED         ; FALSE                ; Untyped                                    ;
; WIDTH_ECCSTATUS                    ; 3                    ; Untyped                                    ;
; DEVICE_FAMILY                      ; MAX 10               ; Untyped                                    ;
; CBXI_PARAMETER                     ; altsyncram_t6d1      ; Untyped                                    ;
+------------------------------------+----------------------+--------------------------------------------+
Note: In order to hide this table in the UI and the text report file, please set the "Show Parameter Settings in Synthesis Report" option in "Analysis and Synthesis Settings -> More Settings" to "Off".


+-----------------------------------------------------------------------------------------------------------------------------------------------------------------------------------------------------------------------------+
; Parameter Settings for Inferred Entity Instance: picosoc_AIP:soc|ID00001001_dummy:DUMMY0|ID00001001_aip:INTERFACE|ID00001001_aipModules:AIP|simple_dual_port_ram_single_clk:MEMOUT[0].MEMOUT|altsyncram:RAM_Structure_rtl_0 ;
+------------------------------------+----------------------+-----------------------------------------------------------------------------------------------------------------------------------------------------------------+
; Parameter Name                     ; Value                ; Type                                                                                                                                                            ;
+------------------------------------+----------------------+-----------------------------------------------------------------------------------------------------------------------------------------------------------------+
; BYTE_SIZE_BLOCK                    ; 8                    ; Untyped                                                                                                                                                         ;
; AUTO_CARRY_CHAINS                  ; ON                   ; AUTO_CARRY                                                                                                                                                      ;
; IGNORE_CARRY_BUFFERS               ; OFF                  ; IGNORE_CARRY                                                                                                                                                    ;
; AUTO_CASCADE_CHAINS                ; ON                   ; AUTO_CASCADE                                                                                                                                                    ;
; IGNORE_CASCADE_BUFFERS             ; OFF                  ; IGNORE_CASCADE                                                                                                                                                  ;
; WIDTH_BYTEENA                      ; 1                    ; Untyped                                                                                                                                                         ;
; OPERATION_MODE                     ; DUAL_PORT            ; Untyped                                                                                                                                                         ;
; WIDTH_A                            ; 32                   ; Untyped                                                                                                                                                         ;
; WIDTHAD_A                          ; 6                    ; Untyped                                                                                                                                                         ;
; NUMWORDS_A                         ; 64                   ; Untyped                                                                                                                                                         ;
; OUTDATA_REG_A                      ; UNREGISTERED         ; Untyped                                                                                                                                                         ;
; ADDRESS_ACLR_A                     ; NONE                 ; Untyped                                                                                                                                                         ;
; OUTDATA_ACLR_A                     ; NONE                 ; Untyped                                                                                                                                                         ;
; WRCONTROL_ACLR_A                   ; NONE                 ; Untyped                                                                                                                                                         ;
; INDATA_ACLR_A                      ; NONE                 ; Untyped                                                                                                                                                         ;
; BYTEENA_ACLR_A                     ; NONE                 ; Untyped                                                                                                                                                         ;
; WIDTH_B                            ; 32                   ; Untyped                                                                                                                                                         ;
; WIDTHAD_B                          ; 6                    ; Untyped                                                                                                                                                         ;
; NUMWORDS_B                         ; 64                   ; Untyped                                                                                                                                                         ;
; INDATA_REG_B                       ; CLOCK1               ; Untyped                                                                                                                                                         ;
; WRCONTROL_WRADDRESS_REG_B          ; CLOCK1               ; Untyped                                                                                                                                                         ;
; RDCONTROL_REG_B                    ; CLOCK1               ; Untyped                                                                                                                                                         ;
; ADDRESS_REG_B                      ; CLOCK0               ; Untyped                                                                                                                                                         ;
; OUTDATA_REG_B                      ; UNREGISTERED         ; Untyped                                                                                                                                                         ;
; BYTEENA_REG_B                      ; CLOCK1               ; Untyped                                                                                                                                                         ;
; INDATA_ACLR_B                      ; NONE                 ; Untyped                                                                                                                                                         ;
; WRCONTROL_ACLR_B                   ; NONE                 ; Untyped                                                                                                                                                         ;
; ADDRESS_ACLR_B                     ; NONE                 ; Untyped                                                                                                                                                         ;
; OUTDATA_ACLR_B                     ; NONE                 ; Untyped                                                                                                                                                         ;
; RDCONTROL_ACLR_B                   ; NONE                 ; Untyped                                                                                                                                                         ;
; BYTEENA_ACLR_B                     ; NONE                 ; Untyped                                                                                                                                                         ;
; WIDTH_BYTEENA_A                    ; 1                    ; Untyped                                                                                                                                                         ;
; WIDTH_BYTEENA_B                    ; 1                    ; Untyped                                                                                                                                                         ;
; RAM_BLOCK_TYPE                     ; AUTO                 ; Untyped                                                                                                                                                         ;
; BYTE_SIZE                          ; 8                    ; Untyped                                                                                                                                                         ;
; READ_DURING_WRITE_MODE_MIXED_PORTS ; DONT_CARE            ; Untyped                                                                                                                                                         ;
; READ_DURING_WRITE_MODE_PORT_A      ; NEW_DATA_NO_NBE_READ ; Untyped                                                                                                                                                         ;
; READ_DURING_WRITE_MODE_PORT_B      ; NEW_DATA_NO_NBE_READ ; Untyped                                                                                                                                                         ;
; INIT_FILE                          ; UNUSED               ; Untyped                                                                                                                                                         ;
; INIT_FILE_LAYOUT                   ; PORT_A               ; Untyped                                                                                                                                                         ;
; MAXIMUM_DEPTH                      ; 0                    ; Untyped                                                                                                                                                         ;
; CLOCK_ENABLE_INPUT_A               ; NORMAL               ; Untyped                                                                                                                                                         ;
; CLOCK_ENABLE_INPUT_B               ; NORMAL               ; Untyped                                                                                                                                                         ;
; CLOCK_ENABLE_OUTPUT_A              ; NORMAL               ; Untyped                                                                                                                                                         ;
; CLOCK_ENABLE_OUTPUT_B              ; NORMAL               ; Untyped                                                                                                                                                         ;
; CLOCK_ENABLE_CORE_A                ; USE_INPUT_CLKEN      ; Untyped                                                                                                                                                         ;
; CLOCK_ENABLE_CORE_B                ; USE_INPUT_CLKEN      ; Untyped                                                                                                                                                         ;
; ENABLE_ECC                         ; FALSE                ; Untyped                                                                                                                                                         ;
; ECC_PIPELINE_STAGE_ENABLED         ; FALSE                ; Untyped                                                                                                                                                         ;
; WIDTH_ECCSTATUS                    ; 3                    ; Untyped                                                                                                                                                         ;
; DEVICE_FAMILY                      ; MAX 10               ; Untyped                                                                                                                                                         ;
; CBXI_PARAMETER                     ; altsyncram_onb1      ; Untyped                                                                                                                                                         ;
+------------------------------------+----------------------+-----------------------------------------------------------------------------------------------------------------------------------------------------------------+
Note: In order to hide this table in the UI and the text report file, please set the "Show Parameter Settings in Synthesis Report" option in "Analysis and Synthesis Settings -> More Settings" to "Off".


+------------------------------------------------------------------------------------------------------------------------------------------------------------------------------------------------------------+
; Parameter Settings for Inferred Entity Instance: picosoc_AIP:soc|ID0000200F_aip:interface_PICORV32|ID0000200F_aipModules:AIP|simple_dual_port_ram_single_clk:MEMIN[0].MEMIN|altsyncram:RAM_Structure_rtl_0 ;
+------------------------------------+----------------------+------------------------------------------------------------------------------------------------------------------------------------------------+
; Parameter Name                     ; Value                ; Type                                                                                                                                           ;
+------------------------------------+----------------------+------------------------------------------------------------------------------------------------------------------------------------------------+
; BYTE_SIZE_BLOCK                    ; 8                    ; Untyped                                                                                                                                        ;
; AUTO_CARRY_CHAINS                  ; ON                   ; AUTO_CARRY                                                                                                                                     ;
; IGNORE_CARRY_BUFFERS               ; OFF                  ; IGNORE_CARRY                                                                                                                                   ;
; AUTO_CASCADE_CHAINS                ; ON                   ; AUTO_CASCADE                                                                                                                                   ;
; IGNORE_CASCADE_BUFFERS             ; OFF                  ; IGNORE_CASCADE                                                                                                                                 ;
; WIDTH_BYTEENA                      ; 1                    ; Untyped                                                                                                                                        ;
; OPERATION_MODE                     ; DUAL_PORT            ; Untyped                                                                                                                                        ;
; WIDTH_A                            ; 32                   ; Untyped                                                                                                                                        ;
; WIDTHAD_A                          ; 11                   ; Untyped                                                                                                                                        ;
; NUMWORDS_A                         ; 2048                 ; Untyped                                                                                                                                        ;
; OUTDATA_REG_A                      ; UNREGISTERED         ; Untyped                                                                                                                                        ;
; ADDRESS_ACLR_A                     ; NONE                 ; Untyped                                                                                                                                        ;
; OUTDATA_ACLR_A                     ; NONE                 ; Untyped                                                                                                                                        ;
; WRCONTROL_ACLR_A                   ; NONE                 ; Untyped                                                                                                                                        ;
; INDATA_ACLR_A                      ; NONE                 ; Untyped                                                                                                                                        ;
; BYTEENA_ACLR_A                     ; NONE                 ; Untyped                                                                                                                                        ;
; WIDTH_B                            ; 32                   ; Untyped                                                                                                                                        ;
; WIDTHAD_B                          ; 11                   ; Untyped                                                                                                                                        ;
; NUMWORDS_B                         ; 2048                 ; Untyped                                                                                                                                        ;
; INDATA_REG_B                       ; CLOCK1               ; Untyped                                                                                                                                        ;
; WRCONTROL_WRADDRESS_REG_B          ; CLOCK1               ; Untyped                                                                                                                                        ;
; RDCONTROL_REG_B                    ; CLOCK1               ; Untyped                                                                                                                                        ;
; ADDRESS_REG_B                      ; CLOCK0               ; Untyped                                                                                                                                        ;
; OUTDATA_REG_B                      ; UNREGISTERED         ; Untyped                                                                                                                                        ;
; BYTEENA_REG_B                      ; CLOCK1               ; Untyped                                                                                                                                        ;
; INDATA_ACLR_B                      ; NONE                 ; Untyped                                                                                                                                        ;
; WRCONTROL_ACLR_B                   ; NONE                 ; Untyped                                                                                                                                        ;
; ADDRESS_ACLR_B                     ; NONE                 ; Untyped                                                                                                                                        ;
; OUTDATA_ACLR_B                     ; NONE                 ; Untyped                                                                                                                                        ;
; RDCONTROL_ACLR_B                   ; NONE                 ; Untyped                                                                                                                                        ;
; BYTEENA_ACLR_B                     ; NONE                 ; Untyped                                                                                                                                        ;
; WIDTH_BYTEENA_A                    ; 1                    ; Untyped                                                                                                                                        ;
; WIDTH_BYTEENA_B                    ; 1                    ; Untyped                                                                                                                                        ;
; RAM_BLOCK_TYPE                     ; AUTO                 ; Untyped                                                                                                                                        ;
; BYTE_SIZE                          ; 8                    ; Untyped                                                                                                                                        ;
; READ_DURING_WRITE_MODE_MIXED_PORTS ; DONT_CARE            ; Untyped                                                                                                                                        ;
; READ_DURING_WRITE_MODE_PORT_A      ; NEW_DATA_NO_NBE_READ ; Untyped                                                                                                                                        ;
; READ_DURING_WRITE_MODE_PORT_B      ; NEW_DATA_NO_NBE_READ ; Untyped                                                                                                                                        ;
; INIT_FILE                          ; UNUSED               ; Untyped                                                                                                                                        ;
; INIT_FILE_LAYOUT                   ; PORT_A               ; Untyped                                                                                                                                        ;
; MAXIMUM_DEPTH                      ; 0                    ; Untyped                                                                                                                                        ;
; CLOCK_ENABLE_INPUT_A               ; NORMAL               ; Untyped                                                                                                                                        ;
; CLOCK_ENABLE_INPUT_B               ; NORMAL               ; Untyped                                                                                                                                        ;
; CLOCK_ENABLE_OUTPUT_A              ; NORMAL               ; Untyped                                                                                                                                        ;
; CLOCK_ENABLE_OUTPUT_B              ; NORMAL               ; Untyped                                                                                                                                        ;
; CLOCK_ENABLE_CORE_A                ; USE_INPUT_CLKEN      ; Untyped                                                                                                                                        ;
; CLOCK_ENABLE_CORE_B                ; USE_INPUT_CLKEN      ; Untyped                                                                                                                                        ;
; ENABLE_ECC                         ; FALSE                ; Untyped                                                                                                                                        ;
; ECC_PIPELINE_STAGE_ENABLED         ; FALSE                ; Untyped                                                                                                                                        ;
; WIDTH_ECCSTATUS                    ; 3                    ; Untyped                                                                                                                                        ;
; DEVICE_FAMILY                      ; MAX 10               ; Untyped                                                                                                                                        ;
; CBXI_PARAMETER                     ; altsyncram_vfd1      ; Untyped                                                                                                                                        ;
+------------------------------------+----------------------+------------------------------------------------------------------------------------------------------------------------------------------------+
Note: In order to hide this table in the UI and the text report file, please set the "Show Parameter Settings in Synthesis Report" option in "Analysis and Synthesis Settings -> More Settings" to "Off".


+---------------------------------------------------------------------------------------------------------------------------------------------------------------------------------------------------------------------------+
; Parameter Settings for Inferred Entity Instance: picosoc_AIP:soc|ID00001001_dummy:DUMMY0|ID00001001_aip:INTERFACE|ID00001001_aipModules:AIP|simple_dual_port_ram_single_clk:MEMIN[0].MEMIN|altsyncram:RAM_Structure_rtl_0 ;
+------------------------------------+----------------------+---------------------------------------------------------------------------------------------------------------------------------------------------------------+
; Parameter Name                     ; Value                ; Type                                                                                                                                                          ;
+------------------------------------+----------------------+---------------------------------------------------------------------------------------------------------------------------------------------------------------+
; BYTE_SIZE_BLOCK                    ; 8                    ; Untyped                                                                                                                                                       ;
; AUTO_CARRY_CHAINS                  ; ON                   ; AUTO_CARRY                                                                                                                                                    ;
; IGNORE_CARRY_BUFFERS               ; OFF                  ; IGNORE_CARRY                                                                                                                                                  ;
; AUTO_CASCADE_CHAINS                ; ON                   ; AUTO_CASCADE                                                                                                                                                  ;
; IGNORE_CASCADE_BUFFERS             ; OFF                  ; IGNORE_CASCADE                                                                                                                                                ;
; WIDTH_BYTEENA                      ; 1                    ; Untyped                                                                                                                                                       ;
; OPERATION_MODE                     ; DUAL_PORT            ; Untyped                                                                                                                                                       ;
; WIDTH_A                            ; 32                   ; Untyped                                                                                                                                                       ;
; WIDTHAD_A                          ; 6                    ; Untyped                                                                                                                                                       ;
; NUMWORDS_A                         ; 64                   ; Untyped                                                                                                                                                       ;
; OUTDATA_REG_A                      ; UNREGISTERED         ; Untyped                                                                                                                                                       ;
; ADDRESS_ACLR_A                     ; NONE                 ; Untyped                                                                                                                                                       ;
; OUTDATA_ACLR_A                     ; NONE                 ; Untyped                                                                                                                                                       ;
; WRCONTROL_ACLR_A                   ; NONE                 ; Untyped                                                                                                                                                       ;
; INDATA_ACLR_A                      ; NONE                 ; Untyped                                                                                                                                                       ;
; BYTEENA_ACLR_A                     ; NONE                 ; Untyped                                                                                                                                                       ;
; WIDTH_B                            ; 32                   ; Untyped                                                                                                                                                       ;
; WIDTHAD_B                          ; 6                    ; Untyped                                                                                                                                                       ;
; NUMWORDS_B                         ; 64                   ; Untyped                                                                                                                                                       ;
; INDATA_REG_B                       ; CLOCK1               ; Untyped                                                                                                                                                       ;
; WRCONTROL_WRADDRESS_REG_B          ; CLOCK1               ; Untyped                                                                                                                                                       ;
; RDCONTROL_REG_B                    ; CLOCK1               ; Untyped                                                                                                                                                       ;
; ADDRESS_REG_B                      ; CLOCK0               ; Untyped                                                                                                                                                       ;
; OUTDATA_REG_B                      ; UNREGISTERED         ; Untyped                                                                                                                                                       ;
; BYTEENA_REG_B                      ; CLOCK1               ; Untyped                                                                                                                                                       ;
; INDATA_ACLR_B                      ; NONE                 ; Untyped                                                                                                                                                       ;
; WRCONTROL_ACLR_B                   ; NONE                 ; Untyped                                                                                                                                                       ;
; ADDRESS_ACLR_B                     ; NONE                 ; Untyped                                                                                                                                                       ;
; OUTDATA_ACLR_B                     ; NONE                 ; Untyped                                                                                                                                                       ;
; RDCONTROL_ACLR_B                   ; NONE                 ; Untyped                                                                                                                                                       ;
; BYTEENA_ACLR_B                     ; NONE                 ; Untyped                                                                                                                                                       ;
; WIDTH_BYTEENA_A                    ; 1                    ; Untyped                                                                                                                                                       ;
; WIDTH_BYTEENA_B                    ; 1                    ; Untyped                                                                                                                                                       ;
; RAM_BLOCK_TYPE                     ; AUTO                 ; Untyped                                                                                                                                                       ;
; BYTE_SIZE                          ; 8                    ; Untyped                                                                                                                                                       ;
; READ_DURING_WRITE_MODE_MIXED_PORTS ; DONT_CARE            ; Untyped                                                                                                                                                       ;
; READ_DURING_WRITE_MODE_PORT_A      ; NEW_DATA_NO_NBE_READ ; Untyped                                                                                                                                                       ;
; READ_DURING_WRITE_MODE_PORT_B      ; NEW_DATA_NO_NBE_READ ; Untyped                                                                                                                                                       ;
; INIT_FILE                          ; UNUSED               ; Untyped                                                                                                                                                       ;
; INIT_FILE_LAYOUT                   ; PORT_A               ; Untyped                                                                                                                                                       ;
; MAXIMUM_DEPTH                      ; 0                    ; Untyped                                                                                                                                                       ;
; CLOCK_ENABLE_INPUT_A               ; NORMAL               ; Untyped                                                                                                                                                       ;
; CLOCK_ENABLE_INPUT_B               ; NORMAL               ; Untyped                                                                                                                                                       ;
; CLOCK_ENABLE_OUTPUT_A              ; NORMAL               ; Untyped                                                                                                                                                       ;
; CLOCK_ENABLE_OUTPUT_B              ; NORMAL               ; Untyped                                                                                                                                                       ;
; CLOCK_ENABLE_CORE_A                ; USE_INPUT_CLKEN      ; Untyped                                                                                                                                                       ;
; CLOCK_ENABLE_CORE_B                ; USE_INPUT_CLKEN      ; Untyped                                                                                                                                                       ;
; ENABLE_ECC                         ; FALSE                ; Untyped                                                                                                                                                       ;
; ECC_PIPELINE_STAGE_ENABLED         ; FALSE                ; Untyped                                                                                                                                                       ;
; WIDTH_ECCSTATUS                    ; 3                    ; Untyped                                                                                                                                                       ;
; DEVICE_FAMILY                      ; MAX 10               ; Untyped                                                                                                                                                       ;
; CBXI_PARAMETER                     ; altsyncram_onb1      ; Untyped                                                                                                                                                       ;
+------------------------------------+----------------------+---------------------------------------------------------------------------------------------------------------------------------------------------------------+
Note: In order to hide this table in the UI and the text report file, please set the "Show Parameter Settings in Synthesis Report" option in "Analysis and Synthesis Settings -> More Settings" to "Off".


+------------------------------------------------------------------------------------------------------------------------------+
; Parameter Settings for Inferred Entity Instance: picosoc_AIP:soc|picorv32:cpu|picorv32_pcpi_fast_mul:pcpi_mul|lpm_mult:Mult0 ;
+------------------------------------------------+----------+------------------------------------------------------------------+
; Parameter Name                                 ; Value    ; Type                                                             ;
+------------------------------------------------+----------+------------------------------------------------------------------+
; AUTO_CARRY_CHAINS                              ; ON       ; AUTO_CARRY                                                       ;
; IGNORE_CARRY_BUFFERS                           ; OFF      ; IGNORE_CARRY                                                     ;
; AUTO_CASCADE_CHAINS                            ; ON       ; AUTO_CASCADE                                                     ;
; IGNORE_CASCADE_BUFFERS                         ; OFF      ; IGNORE_CASCADE                                                   ;
; LPM_WIDTHA                                     ; 33       ; Untyped                                                          ;
; LPM_WIDTHB                                     ; 33       ; Untyped                                                          ;
; LPM_WIDTHP                                     ; 66       ; Untyped                                                          ;
; LPM_WIDTHR                                     ; 66       ; Untyped                                                          ;
; LPM_WIDTHS                                     ; 1        ; Untyped                                                          ;
; LPM_REPRESENTATION                             ; SIGNED   ; Untyped                                                          ;
; LPM_PIPELINE                                   ; 0        ; Untyped                                                          ;
; LATENCY                                        ; 0        ; Untyped                                                          ;
; INPUT_A_IS_CONSTANT                            ; NO       ; Untyped                                                          ;
; INPUT_B_IS_CONSTANT                            ; NO       ; Untyped                                                          ;
; USE_EAB                                        ; OFF      ; Untyped                                                          ;
; MAXIMIZE_SPEED                                 ; 5        ; Untyped                                                          ;
; DEVICE_FAMILY                                  ; MAX 10   ; Untyped                                                          ;
; CARRY_CHAIN                                    ; MANUAL   ; Untyped                                                          ;
; APEX20K_TECHNOLOGY_MAPPER                      ; LUT      ; TECH_MAPPER_APEX20K                                              ;
; DEDICATED_MULTIPLIER_CIRCUITRY                 ; AUTO     ; Untyped                                                          ;
; DEDICATED_MULTIPLIER_MIN_INPUT_WIDTH_FOR_AUTO  ; 0        ; Untyped                                                          ;
; DEDICATED_MULTIPLIER_MIN_OUTPUT_WIDTH_FOR_AUTO ; 0        ; Untyped                                                          ;
; CBXI_PARAMETER                                 ; mult_ugs ; Untyped                                                          ;
; INPUT_A_FIXED_VALUE                            ; Bx       ; Untyped                                                          ;
; INPUT_B_FIXED_VALUE                            ; Bx       ; Untyped                                                          ;
; USE_AHDL_IMPLEMENTATION                        ; OFF      ; Untyped                                                          ;
+------------------------------------------------+----------+------------------------------------------------------------------+
Note: In order to hide this table in the UI and the text report file, please set the "Show Parameter Settings in Synthesis Report" option in "Analysis and Synthesis Settings -> More Settings" to "Off".


+------------------------------------------------------------------------------------------------------------------------------------------------------------------------------------------------------------------------+
; altsyncram Parameter Settings by Entity Instance                                                                                                                                                                       ;
+-------------------------------------------+----------------------------------------------------------------------------------------------------------------------------------------------------------------------------+
; Name                                      ; Value                                                                                                                                                                      ;
+-------------------------------------------+----------------------------------------------------------------------------------------------------------------------------------------------------------------------------+
; Number of entity instances                ; 5                                                                                                                                                                          ;
; Entity Instance                           ; picosoc_AIP:soc|picorv32:cpu|altsyncram:cpuregs_rtl_0                                                                                                                      ;
;     -- OPERATION_MODE                     ; DUAL_PORT                                                                                                                                                                  ;
;     -- WIDTH_A                            ; 32                                                                                                                                                                         ;
;     -- NUMWORDS_A                         ; 36                                                                                                                                                                         ;
;     -- OUTDATA_REG_A                      ; UNREGISTERED                                                                                                                                                               ;
;     -- WIDTH_B                            ; 32                                                                                                                                                                         ;
;     -- NUMWORDS_B                         ; 36                                                                                                                                                                         ;
;     -- ADDRESS_REG_B                      ; CLOCK0                                                                                                                                                                     ;
;     -- OUTDATA_REG_B                      ; UNREGISTERED                                                                                                                                                               ;
;     -- RAM_BLOCK_TYPE                     ; AUTO                                                                                                                                                                       ;
;     -- READ_DURING_WRITE_MODE_MIXED_PORTS ; DONT_CARE                                                                                                                                                                  ;
; Entity Instance                           ; picosoc_AIP:soc|picorv32:cpu|altsyncram:cpuregs_rtl_1                                                                                                                      ;
;     -- OPERATION_MODE                     ; DUAL_PORT                                                                                                                                                                  ;
;     -- WIDTH_A                            ; 32                                                                                                                                                                         ;
;     -- NUMWORDS_A                         ; 36                                                                                                                                                                         ;
;     -- OUTDATA_REG_A                      ; UNREGISTERED                                                                                                                                                               ;
;     -- WIDTH_B                            ; 32                                                                                                                                                                         ;
;     -- NUMWORDS_B                         ; 36                                                                                                                                                                         ;
;     -- ADDRESS_REG_B                      ; CLOCK0                                                                                                                                                                     ;
;     -- OUTDATA_REG_B                      ; UNREGISTERED                                                                                                                                                               ;
;     -- RAM_BLOCK_TYPE                     ; AUTO                                                                                                                                                                       ;
;     -- READ_DURING_WRITE_MODE_MIXED_PORTS ; DONT_CARE                                                                                                                                                                  ;
; Entity Instance                           ; picosoc_AIP:soc|ID00001001_dummy:DUMMY0|ID00001001_aip:INTERFACE|ID00001001_aipModules:AIP|simple_dual_port_ram_single_clk:MEMOUT[0].MEMOUT|altsyncram:RAM_Structure_rtl_0 ;
;     -- OPERATION_MODE                     ; DUAL_PORT                                                                                                                                                                  ;
;     -- WIDTH_A                            ; 32                                                                                                                                                                         ;
;     -- NUMWORDS_A                         ; 64                                                                                                                                                                         ;
;     -- OUTDATA_REG_A                      ; UNREGISTERED                                                                                                                                                               ;
;     -- WIDTH_B                            ; 32                                                                                                                                                                         ;
;     -- NUMWORDS_B                         ; 64                                                                                                                                                                         ;
;     -- ADDRESS_REG_B                      ; CLOCK0                                                                                                                                                                     ;
;     -- OUTDATA_REG_B                      ; UNREGISTERED                                                                                                                                                               ;
;     -- RAM_BLOCK_TYPE                     ; AUTO                                                                                                                                                                       ;
;     -- READ_DURING_WRITE_MODE_MIXED_PORTS ; DONT_CARE                                                                                                                                                                  ;
; Entity Instance                           ; picosoc_AIP:soc|ID0000200F_aip:interface_PICORV32|ID0000200F_aipModules:AIP|simple_dual_port_ram_single_clk:MEMIN[0].MEMIN|altsyncram:RAM_Structure_rtl_0                  ;
;     -- OPERATION_MODE                     ; DUAL_PORT                                                                                                                                                                  ;
;     -- WIDTH_A                            ; 32                                                                                                                                                                         ;
;     -- NUMWORDS_A                         ; 2048                                                                                                                                                                       ;
;     -- OUTDATA_REG_A                      ; UNREGISTERED                                                                                                                                                               ;
;     -- WIDTH_B                            ; 32                                                                                                                                                                         ;
;     -- NUMWORDS_B                         ; 2048                                                                                                                                                                       ;
;     -- ADDRESS_REG_B                      ; CLOCK0                                                                                                                                                                     ;
;     -- OUTDATA_REG_B                      ; UNREGISTERED                                                                                                                                                               ;
;     -- RAM_BLOCK_TYPE                     ; AUTO                                                                                                                                                                       ;
;     -- READ_DURING_WRITE_MODE_MIXED_PORTS ; DONT_CARE                                                                                                                                                                  ;
; Entity Instance                           ; picosoc_AIP:soc|ID00001001_dummy:DUMMY0|ID00001001_aip:INTERFACE|ID00001001_aipModules:AIP|simple_dual_port_ram_single_clk:MEMIN[0].MEMIN|altsyncram:RAM_Structure_rtl_0   ;
;     -- OPERATION_MODE                     ; DUAL_PORT                                                                                                                                                                  ;
;     -- WIDTH_A                            ; 32                                                                                                                                                                         ;
;     -- NUMWORDS_A                         ; 64                                                                                                                                                                         ;
;     -- OUTDATA_REG_A                      ; UNREGISTERED                                                                                                                                                               ;
;     -- WIDTH_B                            ; 32                                                                                                                                                                         ;
;     -- NUMWORDS_B                         ; 64                                                                                                                                                                         ;
;     -- ADDRESS_REG_B                      ; CLOCK0                                                                                                                                                                     ;
;     -- OUTDATA_REG_B                      ; UNREGISTERED                                                                                                                                                               ;
;     -- RAM_BLOCK_TYPE                     ; AUTO                                                                                                                                                                       ;
;     -- READ_DURING_WRITE_MODE_MIXED_PORTS ; DONT_CARE                                                                                                                                                                  ;
+-------------------------------------------+----------------------------------------------------------------------------------------------------------------------------------------------------------------------------+


+---------------------------------------------------------------------------------------------------------------------+
; lpm_mult Parameter Settings by Entity Instance                                                                      ;
+---------------------------------------+-----------------------------------------------------------------------------+
; Name                                  ; Value                                                                       ;
+---------------------------------------+-----------------------------------------------------------------------------+
; Number of entity instances            ; 1                                                                           ;
; Entity Instance                       ; picosoc_AIP:soc|picorv32:cpu|picorv32_pcpi_fast_mul:pcpi_mul|lpm_mult:Mult0 ;
;     -- LPM_WIDTHA                     ; 33                                                                          ;
;     -- LPM_WIDTHB                     ; 33                                                                          ;
;     -- LPM_WIDTHP                     ; 66                                                                          ;
;     -- LPM_REPRESENTATION             ; SIGNED                                                                      ;
;     -- INPUT_A_IS_CONSTANT            ; NO                                                                          ;
;     -- INPUT_B_IS_CONSTANT            ; NO                                                                          ;
;     -- USE_EAB                        ; OFF                                                                         ;
;     -- DEDICATED_MULTIPLIER_CIRCUITRY ; AUTO                                                                        ;
;     -- INPUT_A_FIXED_VALUE            ; Bx                                                                          ;
;     -- INPUT_B_FIXED_VALUE            ; Bx                                                                          ;
+---------------------------------------+-----------------------------------------------------------------------------+


+-------------------------------------------------------------------------------------------------------------------------------+
; Port Connectivity Checks: "picosoc_AIP:soc|ID00001001_dummy:DUMMY0|ID00001001_dummyCore:CORE"                                 ;
+---------------------+--------+----------+-------------------------------------------------------------------------------------+
; Port                ; Type   ; Severity ; Details                                                                             ;
+---------------------+--------+----------+-------------------------------------------------------------------------------------+
; status_IPcore[7..1] ; Output ; Info     ; Connected to dangling logic. Logic that only feeds a dangling port will be removed. ;
; int_IPcore[7..1]    ; Output ; Info     ; Connected to dangling logic. Logic that only feeds a dangling port will be removed. ;
+---------------------+--------+----------+-------------------------------------------------------------------------------------+


+---------------------------------------------------------------------------------------------------------------------------------------------+
; Port Connectivity Checks: "picosoc_AIP:soc|ID00001001_dummy:DUMMY0|ID00001001_aip:INTERFACE|ID00001001_aipModules:AIP|aipParametricMux:MUX" ;
+-----------------+-------+----------+--------------------------------------------------------------------------------------------------------+
; Port            ; Type  ; Severity ; Details                                                                                                ;
+-----------------+-------+----------+--------------------------------------------------------------------------------------------------------+
; data_in[63..32] ; Input ; Info     ; Stuck at GND                                                                                           ;
+-----------------+-------+----------+--------------------------------------------------------------------------------------------------------+


+-------------------------------------------------------------------------------------------------------------------------------------------------+
; Port Connectivity Checks: "picosoc_AIP:soc|ID00001001_dummy:DUMMY0|ID00001001_aip:INTERFACE|ID00001001_aipModules:AIP|ID00001001_aipCtrl:CNTRL" ;
+---------------------+--------+----------+-------------------------------------------------------------------------------------------------------+
; Port                ; Type   ; Severity ; Details                                                                                               ;
+---------------------+--------+----------+-------------------------------------------------------------------------------------------------------+
; wrAddrMemIn[15..6]  ; Output ; Info     ; Connected to dangling logic. Logic that only feeds a dangling port will be removed.                   ;
; rdAddrMemOut[15..6] ; Output ; Info     ; Connected to dangling logic. Logic that only feeds a dangling port will be removed.                   ;
+---------------------+--------+----------+-------------------------------------------------------------------------------------------------------+


+---------------------------------------------------------------------------------------------------------------------------------------------------------+
; Port Connectivity Checks: "picosoc_AIP:soc|ID00001001_dummy:DUMMY0|ID00001001_aip:INTERFACE|ID00001001_aipModules:AIP|aipConfigurationRegister:CONFREG" ;
+--------------------+--------+----------+----------------------------------------------------------------------------------------------------------------+
; Port               ; Type   ; Severity ; Details                                                                                                        ;
+--------------------+--------+----------+----------------------------------------------------------------------------------------------------------------+
; dataOutput[63..32] ; Output ; Info     ; Connected to dangling logic. Logic that only feeds a dangling port will be removed.                            ;
+--------------------+--------+----------+----------------------------------------------------------------------------------------------------------------+


+------------------------------------------------------------------------------------------------------------------------+
; Port Connectivity Checks: "picosoc_AIP:soc|ID00001001_dummy:DUMMY0|ID00001001_aip:INTERFACE|ID00001001_aipModules:AIP" ;
+--------------------+-------+----------+--------------------------------------------------------------------------------+
; Port               ; Type  ; Severity ; Details                                                                        ;
+--------------------+-------+----------+--------------------------------------------------------------------------------+
; statusIPcore[7..1] ; Input ; Info     ; Stuck at GND                                                                   ;
; intIPCore[7..1]    ; Input ; Info     ; Stuck at GND                                                                   ;
+--------------------+-------+----------+--------------------------------------------------------------------------------+


+-------------------------------------------------------------------------------------------------------------------------------------------------------------------------------------------------------+
; Port Connectivity Checks: "picosoc_AIP:soc|ID00001001_dummy:DUMMY0"                                                                                                                                   ;
+---------+--------+----------+-------------------------------------------------------------------------------------------------------------------------------------------------------------------------+
; Port    ; Type   ; Severity ; Details                                                                                                                                                                 ;
+---------+--------+----------+-------------------------------------------------------------------------------------------------------------------------------------------------------------------------+
; en_s    ; Input  ; Info     ; Stuck at VCC                                                                                                                                                            ;
; int_req ; Output ; Warning  ; Output or bidir port (1 bits) is smaller than the port expression (16 bits) it drives.  The 15 most-significant bit(s) in the port expression will be connected to GND. ;
+---------+--------+----------+-------------------------------------------------------------------------------------------------------------------------------------------------------------------------+


+-----------------------------------------------------------------------------------------------------------------------------------------------------------------------------------------------------------------------+
; Port Connectivity Checks: "picosoc_AIP:soc|native_aip:CPU_to_aip0"                                                                                                                                                    ;
+--------------+--------+----------+------------------------------------------------------------------------------------------------------------------------------------------------------------------------------------+
; Port         ; Type   ; Severity ; Details                                                                                                                                                                            ;
+--------------+--------+----------+------------------------------------------------------------------------------------------------------------------------------------------------------------------------------------+
; o_cpu_irq    ; Output ; Info     ; Explicitly unconnected                                                                                                                                                             ;
; i_aip_enable ; Input  ; Info     ; Stuck at VCC                                                                                                                                                                       ;
; i_aip_int    ; Input  ; Warning  ; Input port expression (16 bits) is wider than the input port (1 bits) it drives.  The 15 most-significant bit(s) in the expression will be dangling if they have no other fanouts. ;
; o_core_int   ; Output ; Info     ; Explicitly unconnected                                                                                                                                                             ;
+--------------+--------+----------+------------------------------------------------------------------------------------------------------------------------------------------------------------------------------------+


+------------------------------------------------------------------------------------------------------------------------------+
; Port Connectivity Checks: "picosoc_AIP:soc|ID0000200F_aip:interface_PICORV32|ID0000200F_aipModules:AIP|aipParametricMux:MUX" ;
+-----------------+-------+----------+-----------------------------------------------------------------------------------------+
; Port            ; Type  ; Severity ; Details                                                                                 ;
+-----------------+-------+----------+-----------------------------------------------------------------------------------------+
; data_in[63..32] ; Input ; Info     ; Stuck at GND                                                                            ;
+-----------------+-------+----------+-----------------------------------------------------------------------------------------+


+----------------------------------------------------------------------------------------------------------------------------------+
; Port Connectivity Checks: "picosoc_AIP:soc|ID0000200F_aip:interface_PICORV32|ID0000200F_aipModules:AIP|ID0000200F_aipCtrl:CNTRL" ;
+---------------------+--------+----------+----------------------------------------------------------------------------------------+
; Port                ; Type   ; Severity ; Details                                                                                ;
+---------------------+--------+----------+----------------------------------------------------------------------------------------+
; wrAddrMemIn[15..11] ; Output ; Info     ; Connected to dangling logic. Logic that only feeds a dangling port will be removed.    ;
; rdAddrMemOut[15..9] ; Output ; Info     ; Connected to dangling logic. Logic that only feeds a dangling port will be removed.    ;
+---------------------+--------+----------+----------------------------------------------------------------------------------------+


+------------------------------------------------------------------------------------------------------------------------------------------+
; Port Connectivity Checks: "picosoc_AIP:soc|ID0000200F_aip:interface_PICORV32|ID0000200F_aipModules:AIP|aipConfigurationRegister:CONFREG" ;
+----------------------+--------+----------+-----------------------------------------------------------------------------------------------+
; Port                 ; Type   ; Severity ; Details                                                                                       ;
+----------------------+--------+----------+-----------------------------------------------------------------------------------------------+
; dataOutput[159..128] ; Output ; Info     ; Connected to dangling logic. Logic that only feeds a dangling port will be removed.           ;
+----------------------+--------+----------+-----------------------------------------------------------------------------------------------+


+---------------------------------------------------------------------------------------------------------+
; Port Connectivity Checks: "picosoc_AIP:soc|ID0000200F_aip:interface_PICORV32|ID0000200F_aipModules:AIP" ;
+--------------------+-------+----------+-----------------------------------------------------------------+
; Port               ; Type  ; Severity ; Details                                                         ;
+--------------------+-------+----------+-----------------------------------------------------------------+
; statusIPcore[7..4] ; Input ; Info     ; Stuck at GND                                                    ;
; intIPCore[7..1]    ; Input ; Info     ; Stuck at GND                                                    ;
+--------------------+-------+----------+-----------------------------------------------------------------+


+-----------------------------------------------------------------------------------------------------------------------------------+
; Port Connectivity Checks: "picosoc_AIP:soc|ID0000200F_aip:interface_PICORV32"                                                     ;
+-------------------------+--------+----------+-------------------------------------------------------------------------------------+
; Port                    ; Type   ; Severity ; Details                                                                             ;
+-------------------------+--------+----------+-------------------------------------------------------------------------------------+
; en                      ; Input  ; Info     ; Stuck at VCC                                                                        ;
; rdAddrMemIn_0[15..11]   ; Input  ; Info     ; Stuck at GND                                                                        ;
; wrDataMemOut_0          ; Input  ; Info     ; Explicitly unconnected                                                              ;
; wrAddrMemOut_0          ; Input  ; Info     ; Explicitly unconnected                                                              ;
; wrEnMemOut_0            ; Input  ; Info     ; Explicitly unconnected                                                              ;
; rdDataConfigReg[127..1] ; Output ; Info     ; Connected to dangling logic. Logic that only feeds a dangling port will be removed. ;
; statusIPcore_Busy       ; Input  ; Info     ; Explicitly unconnected                                                              ;
; statusIPcore_readMEM    ; Input  ; Info     ; Explicitly unconnected                                                              ;
; statusIPcore_writeMEM   ; Input  ; Info     ; Explicitly unconnected                                                              ;
; statusIPcore_Trap       ; Input  ; Info     ; Explicitly unconnected                                                              ;
; intIPCore_Done          ; Input  ; Info     ; Explicitly unconnected                                                              ;
; startIPcore             ; Output ; Info     ; Connected to dangling logic. Logic that only feeds a dangling port will be removed. ;
+-------------------------+--------+----------+-------------------------------------------------------------------------------------+


+---------------------------------------------------------------------------------------------------------------------------------------------------------------------------------+
; Port Connectivity Checks: "picosoc_AIP:soc|picorv32:cpu"                                                                                                                        ;
+--------------+--------+----------+----------------------------------------------------------------------------------------------------------------------------------------------+
; Port         ; Type   ; Severity ; Details                                                                                                                                      ;
+--------------+--------+----------+----------------------------------------------------------------------------------------------------------------------------------------------+
; mem_instr    ; Output ; Info     ; Connected to dangling logic. Logic that only feeds a dangling port will be removed.                                                          ;
; irq[31..8]   ; Input  ; Info     ; Stuck at GND                                                                                                                                 ;
; irq[4..0]    ; Input  ; Info     ; Stuck at GND                                                                                                                                 ;
; trap         ; Output ; Warning  ; Declared by entity but not connected by instance. Logic that only feeds a dangling port will be removed.                                     ;
; mem_la_read  ; Output ; Warning  ; Declared by entity but not connected by instance. Logic that only feeds a dangling port will be removed.                                     ;
; mem_la_write ; Output ; Warning  ; Declared by entity but not connected by instance. Logic that only feeds a dangling port will be removed.                                     ;
; mem_la_addr  ; Output ; Warning  ; Declared by entity but not connected by instance. Logic that only feeds a dangling port will be removed.                                     ;
; mem_la_wdata ; Output ; Warning  ; Declared by entity but not connected by instance. Logic that only feeds a dangling port will be removed.                                     ;
; mem_la_wstrb ; Output ; Warning  ; Declared by entity but not connected by instance. Logic that only feeds a dangling port will be removed.                                     ;
; pcpi_valid   ; Output ; Warning  ; Declared by entity but not connected by instance. Logic that only feeds a dangling port will be removed.                                     ;
; pcpi_insn    ; Output ; Warning  ; Declared by entity but not connected by instance. Logic that only feeds a dangling port will be removed.                                     ;
; pcpi_rs1     ; Output ; Warning  ; Declared by entity but not connected by instance. Logic that only feeds a dangling port will be removed.                                     ;
; pcpi_rs2     ; Output ; Warning  ; Declared by entity but not connected by instance. Logic that only feeds a dangling port will be removed.                                     ;
; pcpi_wr      ; Input  ; Warning  ; Declared by entity but not connected by instance. If a default value exists, it will be used.  Otherwise, the port will be connected to GND. ;
; pcpi_rd      ; Input  ; Warning  ; Declared by entity but not connected by instance. If a default value exists, it will be used.  Otherwise, the port will be connected to GND. ;
; pcpi_wait    ; Input  ; Warning  ; Declared by entity but not connected by instance. If a default value exists, it will be used.  Otherwise, the port will be connected to GND. ;
; pcpi_ready   ; Input  ; Warning  ; Declared by entity but not connected by instance. If a default value exists, it will be used.  Otherwise, the port will be connected to GND. ;
; eoi          ; Output ; Warning  ; Declared by entity but not connected by instance. Logic that only feeds a dangling port will be removed.                                     ;
; trace_valid  ; Output ; Warning  ; Declared by entity but not connected by instance. Logic that only feeds a dangling port will be removed.                                     ;
; trace_data   ; Output ; Warning  ; Declared by entity but not connected by instance. Logic that only feeds a dangling port will be removed.                                     ;
+--------------+--------+----------+----------------------------------------------------------------------------------------------------------------------------------------------+


+-----------------------------------------------------------------------------------------------------------------------------+
; Port Connectivity Checks: "picosoc_AIP:soc"                                                                                 ;
+-------------------+--------+----------+-------------------------------------------------------------------------------------+
; Port              ; Type   ; Severity ; Details                                                                             ;
+-------------------+--------+----------+-------------------------------------------------------------------------------------+
; irq_5             ; Input  ; Info     ; Stuck at GND                                                                        ;
; irq_6             ; Input  ; Info     ; Stuck at GND                                                                        ;
; irq_7             ; Input  ; Info     ; Stuck at GND                                                                        ;
; iomem_addr[23..0] ; Output ; Info     ; Connected to dangling logic. Logic that only feeds a dangling port will be removed. ;
; int_req           ; Output ; Info     ; Explicitly unconnected                                                              ;
+-------------------+--------+----------+-------------------------------------------------------------------------------------+


+-----------------------------------------------------+
; Post-Synthesis Netlist Statistics for Top Partition ;
+-----------------------+-----------------------------+
; Type                  ; Count                       ;
+-----------------------+-----------------------------+
; boundary_port         ; 28                          ;
; cycloneiii_ff         ; 34348                       ;
;     CLR               ; 22                          ;
;     CLR SCLR          ; 16                          ;
;     ENA               ; 33291                       ;
;     ENA CLR           ; 146                         ;
;     ENA CLR SCLR      ; 32                          ;
;     ENA CLR SLD       ; 23                          ;
;     ENA SCLR          ; 149                         ;
;     ENA SLD           ; 55                          ;
;     SCLR              ; 163                         ;
;     SCLR SLD          ; 1                           ;
;     SLD               ; 50                          ;
;     plain             ; 400                         ;
; cycloneiii_io_obuf    ; 8                           ;
; cycloneiii_lcell_comb ; 29322                       ;
;     arith             ; 720                         ;
;         2 data inputs ; 374                         ;
;         3 data inputs ; 346                         ;
;     normal            ; 28602                       ;
;         0 data inputs ; 1                           ;
;         1 data inputs ; 19                          ;
;         2 data inputs ; 175                         ;
;         3 data inputs ; 621                         ;
;         4 data inputs ; 27786                       ;
; cycloneiii_mac_mult   ; 4                           ;
; cycloneiii_mac_out    ; 4                           ;
; cycloneiii_ram_block  ; 160                         ;
;                       ;                             ;
; Max LUT depth         ; 18.00                       ;
; Average LUT depth     ; 7.59                        ;
+-----------------------+-----------------------------+


+-------------------------------+
; Elapsed Time Per Partition    ;
+----------------+--------------+
; Partition Name ; Elapsed Time ;
+----------------+--------------+
; Top            ; 00:01:56     ;
+----------------+--------------+


+-------------------------------+
; Analysis & Synthesis Messages ;
+-------------------------------+
Info: *******************************************************************
Info: Running Quartus Prime Analysis & Synthesis
    Info: Version 22.1std.0 Build 915 10/25/2022 SC Lite Edition
    Info: Processing started: Mon May 26 23:17:34 2025
Info: Command: quartus_map --read_settings_files=on --write_settings_files=off picorv32_quartus -c picorv32_quartus
Warning (18236): Number of processors has not been specified which may cause overloading on shared machines.  Set the global assignment NUM_PARALLEL_PROCESSORS in your QSF to an appropriate value for best performance.
Info (20030): Parallel compilation is enabled and will use 4 of the 4 processors detected
Info (12021): Found 1 design units, including 1 entities, in source file /home/tonix/Documents/picoRV-32/mods/00001001/hdl/src/ID00001001_dummyCtrl.v
    Info (12023): Found entity 1: ID00001001_dummyCtrl File: /home/tonix/Documents/picoRV-32/mods/00001001/hdl/src/ID00001001_dummyCtrl.v Line: 1
Info (12021): Found 1 design units, including 1 entities, in source file /home/tonix/Documents/picoRV-32/mods/00001001/hdl/src/ID00001001_dummyCore.v
    Info (12023): Found entity 1: ID00001001_dummyCore File: /home/tonix/Documents/picoRV-32/mods/00001001/hdl/src/ID00001001_dummyCore.v Line: 2
Info (12021): Found 1 design units, including 1 entities, in source file /home/tonix/Documents/picoRV-32/mods/00001001/hdl/src/ID00001001_dummy.v
    Info (12023): Found entity 1: ID00001001_dummy File: /home/tonix/Documents/picoRV-32/mods/00001001/hdl/src/ID00001001_dummy.v Line: 5
Info (12021): Found 3 design units, including 3 entities, in source file /home/tonix/Documents/picoRV-32/mods/00001001/hdl/src/ID00001001_aip.v
    Info (12023): Found entity 1: ID00001001_aip File: /home/tonix/Documents/picoRV-32/mods/00001001/hdl/src/ID00001001_aip.v Line: 11
    Info (12023): Found entity 2: ID00001001_aipModules File: /home/tonix/Documents/picoRV-32/mods/00001001/hdl/src/ID00001001_aip.v Line: 131
    Info (12023): Found entity 3: ID00001001_aipCtrl File: /home/tonix/Documents/picoRV-32/mods/00001001/hdl/src/ID00001001_aip.v Line: 532
Info (12021): Found 1 design units, including 1 entities, in source file /home/tonix/Documents/picoRV-32/picosoc/DE10_SOC.v
    Info (12023): Found entity 1: DE10_SOC File: /home/tonix/Documents/picoRV-32/picosoc/DE10_SOC.v Line: 7
Info (12021): Found 1 design units, including 1 entities, in source file /home/tonix/Documents/picoRV-32/mods/basicblocks/ipm/ipm.v
    Info (12023): Found entity 1: ipm File: /home/tonix/Documents/picoRV-32/mods/basicblocks/ipm/ipm.v Line: 1
Info (12021): Found 1 design units, including 1 entities, in source file /home/tonix/Documents/picoRV-32/mods/basicblocks/ipm/ipm_register.v
    Info (12023): Found entity 1: ipm_register File: /home/tonix/Documents/picoRV-32/mods/basicblocks/ipm/ipm_register.v Line: 13
Info (12021): Found 3 design units, including 3 entities, in source file /home/tonix/Documents/picoRV-32/picosoc/ID0000200F_aip.v
    Info (12023): Found entity 1: ID0000200F_aip File: /home/tonix/Documents/picoRV-32/picosoc/ID0000200F_aip.v Line: 11
    Info (12023): Found entity 2: ID0000200F_aipModules File: /home/tonix/Documents/picoRV-32/picosoc/ID0000200F_aip.v Line: 139
    Info (12023): Found entity 3: ID0000200F_aipCtrl File: /home/tonix/Documents/picoRV-32/picosoc/ID0000200F_aip.v Line: 542
Info (12021): Found 1 design units, including 1 entities, in source file /home/tonix/Documents/picoRV-32/picosoc/simpleuart.v
    Info (12023): Found entity 1: simpleuart File: /home/tonix/Documents/picoRV-32/picosoc/simpleuart.v Line: 20
Info (12021): Found 1 design units, including 1 entities, in source file /home/tonix/Documents/picoRV-32/mods/basicblocks/sequential/shiftRegister.v
    Info (12023): Found entity 1: shiftRegister File: /home/tonix/Documents/picoRV-32/mods/basicblocks/sequential/shiftRegister.v Line: 59
Info (12021): Found 1 design units, including 1 entities, in source file /home/tonix/Documents/picoRV-32/mods/basicblocks/sequential/upCounter.v
    Info (12023): Found entity 1: upCounter File: /home/tonix/Documents/picoRV-32/mods/basicblocks/sequential/upCounter.v Line: 54
Info (12021): Found 1 design units, including 1 entities, in source file /home/tonix/Documents/picoRV-32/mods/basicblocks/memories/simple_dual_port_ram_single_clk.v
    Info (12023): Found entity 1: simple_dual_port_ram_single_clk File: /home/tonix/Documents/picoRV-32/mods/basicblocks/memories/simple_dual_port_ram_single_clk.v Line: 16
Info (12021): Found 4 design units, including 4 entities, in source file /home/tonix/Documents/picoRV-32/mods/basicblocks/aip/aipModules.v
    Info (12023): Found entity 1: aipStatus File: /home/tonix/Documents/picoRV-32/mods/basicblocks/aip/aipModules.v Line: 17
    Info (12023): Found entity 2: aipParametricMux File: /home/tonix/Documents/picoRV-32/mods/basicblocks/aip/aipModules.v Line: 86
    Info (12023): Found entity 3: aipId File: /home/tonix/Documents/picoRV-32/mods/basicblocks/aip/aipModules.v Line: 112
    Info (12023): Found entity 4: aipConfigurationRegister File: /home/tonix/Documents/picoRV-32/mods/basicblocks/aip/aipModules.v Line: 128
Info (12021): Found 4 design units, including 4 entities, in source file /home/tonix/Documents/picoRV-32/picosoc/picosoc_AIP.v
    Info (12023): Found entity 1: picosoc_AIP File: /home/tonix/Documents/picoRV-32/picosoc/picosoc_AIP.v Line: 1
    Info (12023): Found entity 2: picosoc_regs File: /home/tonix/Documents/picoRV-32/picosoc/picosoc_AIP.v Line: 284
    Info (12023): Found entity 3: picosoc_mem File: /home/tonix/Documents/picoRV-32/picosoc/picosoc_AIP.v Line: 302
    Info (12023): Found entity 4: picosoc_mem_rom File: /home/tonix/Documents/picoRV-32/picosoc/picosoc_AIP.v Line: 331
Info (12021): Found 8 design units, including 8 entities, in source file /home/tonix/Documents/picoRV-32/picosoc/picorv32m.v
    Info (12023): Found entity 1: picorv32 File: /home/tonix/Documents/picoRV-32/picosoc/picorv32m.v Line: 62
    Info (12023): Found entity 2: picorv32_regs File: /home/tonix/Documents/picoRV-32/picosoc/picorv32m.v Line: 2174
    Info (12023): Found entity 3: picorv32_pcpi_mul File: /home/tonix/Documents/picoRV-32/picosoc/picorv32m.v Line: 2197
    Info (12023): Found entity 4: picorv32_pcpi_fast_mul File: /home/tonix/Documents/picoRV-32/picosoc/picorv32m.v Line: 2318
    Info (12023): Found entity 5: picorv32_pcpi_div File: /home/tonix/Documents/picoRV-32/picosoc/picorv32m.v Line: 2420
    Info (12023): Found entity 6: picorv32_axi File: /home/tonix/Documents/picoRV-32/picosoc/picorv32m.v Line: 2517
    Info (12023): Found entity 7: picorv32_axi_adapter File: /home/tonix/Documents/picoRV-32/picosoc/picorv32m.v Line: 2731
    Info (12023): Found entity 8: picorv32_wb File: /home/tonix/Documents/picoRV-32/picosoc/picorv32m.v Line: 2815
Info (12021): Found 1 design units, including 1 entities, in source file /home/tonix/Documents/picoRV-32/picosoc/native_aip.v
    Info (12023): Found entity 1: native_aip File: /home/tonix/Documents/picoRV-32/picosoc/native_aip.v Line: 1
Warning (10236): Verilog HDL Implicit Net warning at picosoc_AIP.v(232): created implicit net for "startIPcore" File: /home/tonix/Documents/picoRV-32/picosoc/picosoc_AIP.v Line: 232
Warning (10037): Verilog HDL or VHDL warning at ID00001001_aip.v(667): conditional expression evaluates to a constant File: /home/tonix/Documents/picoRV-32/mods/00001001/hdl/src/ID00001001_aip.v Line: 667
Warning (10037): Verilog HDL or VHDL warning at ID0000200F_aip.v(677): conditional expression evaluates to a constant File: /home/tonix/Documents/picoRV-32/picosoc/ID0000200F_aip.v Line: 677
Info (12127): Elaborating entity "DE10_SOC" for the top level hierarchy
Warning (10230): Verilog HDL assignment warning at DE10_SOC.v(125): truncated value with size 32 to match size of target (8) File: /home/tonix/Documents/picoRV-32/picosoc/DE10_SOC.v Line: 125
Info (12128): Elaborating entity "ipm" for hierarchy "ipm:IPM" File: /home/tonix/Documents/picoRV-32/picosoc/DE10_SOC.v Line: 83
Info (12128): Elaborating entity "ipm_register" for hierarchy "ipm:IPM|ipm_register:IPM_REG" File: /home/tonix/Documents/picoRV-32/mods/basicblocks/ipm/ipm.v Line: 66
Info (12128): Elaborating entity "picosoc_AIP" for hierarchy "picosoc_AIP:soc" File: /home/tonix/Documents/picoRV-32/picosoc/DE10_SOC.v Line: 176
Warning (10036): Verilog HDL or VHDL warning at picosoc_AIP.v(86): object "rom_mem_valid" assigned a value but never read File: /home/tonix/Documents/picoRV-32/picosoc/picosoc_AIP.v Line: 86
Info (12128): Elaborating entity "picorv32" for hierarchy "picosoc_AIP:soc|picorv32:cpu" File: /home/tonix/Documents/picoRV-32/picosoc/picosoc_AIP.v Line: 169
Warning (10036): Verilog HDL or VHDL warning at picorv32m.v(181): object "dbg_insn_addr" assigned a value but never read File: /home/tonix/Documents/picoRV-32/picosoc/picorv32m.v Line: 181
Warning (10036): Verilog HDL or VHDL warning at picorv32m.v(183): object "dbg_mem_valid" assigned a value but never read File: /home/tonix/Documents/picoRV-32/picosoc/picorv32m.v Line: 183
Warning (10036): Verilog HDL or VHDL warning at picorv32m.v(184): object "dbg_mem_instr" assigned a value but never read File: /home/tonix/Documents/picoRV-32/picosoc/picorv32m.v Line: 184
Warning (10036): Verilog HDL or VHDL warning at picorv32m.v(185): object "dbg_mem_ready" assigned a value but never read File: /home/tonix/Documents/picoRV-32/picosoc/picorv32m.v Line: 185
Warning (10036): Verilog HDL or VHDL warning at picorv32m.v(186): object "dbg_mem_addr" assigned a value but never read File: /home/tonix/Documents/picoRV-32/picosoc/picorv32m.v Line: 186
Warning (10036): Verilog HDL or VHDL warning at picorv32m.v(187): object "dbg_mem_wdata" assigned a value but never read File: /home/tonix/Documents/picoRV-32/picosoc/picorv32m.v Line: 187
Warning (10036): Verilog HDL or VHDL warning at picorv32m.v(188): object "dbg_mem_wstrb" assigned a value but never read File: /home/tonix/Documents/picoRV-32/picosoc/picorv32m.v Line: 188
Warning (10036): Verilog HDL or VHDL warning at picorv32m.v(189): object "dbg_mem_rdata" assigned a value but never read File: /home/tonix/Documents/picoRV-32/picosoc/picorv32m.v Line: 189
Warning (10036): Verilog HDL or VHDL warning at picorv32m.v(375): object "mem_busy" assigned a value but never read File: /home/tonix/Documents/picoRV-32/picosoc/picorv32m.v Line: 375
Warning (10036): Verilog HDL or VHDL warning at picorv32m.v(696): object "dbg_rs1val" assigned a value but never read File: /home/tonix/Documents/picoRV-32/picosoc/picorv32m.v Line: 696
Warning (10036): Verilog HDL or VHDL warning at picorv32m.v(697): object "dbg_rs2val" assigned a value but never read File: /home/tonix/Documents/picoRV-32/picosoc/picorv32m.v Line: 697
Warning (10036): Verilog HDL or VHDL warning at picorv32m.v(698): object "dbg_rs1val_valid" assigned a value but never read File: /home/tonix/Documents/picoRV-32/picosoc/picorv32m.v Line: 698
Warning (10036): Verilog HDL or VHDL warning at picorv32m.v(699): object "dbg_rs2val_valid" assigned a value but never read File: /home/tonix/Documents/picoRV-32/picosoc/picorv32m.v Line: 699
Warning (10036): Verilog HDL or VHDL warning at picorv32m.v(769): object "dbg_valid_insn" assigned a value but never read File: /home/tonix/Documents/picoRV-32/picosoc/picorv32m.v Line: 769
Warning (10036): Verilog HDL or VHDL warning at picorv32m.v(1184): object "dbg_ascii_state" assigned a value but never read File: /home/tonix/Documents/picoRV-32/picosoc/picorv32m.v Line: 1184
Warning (10270): Verilog HDL Case Statement warning at picorv32m.v(332): incomplete case statement has no default case item File: /home/tonix/Documents/picoRV-32/picosoc/picorv32m.v Line: 332
Warning (10230): Verilog HDL assignment warning at picorv32m.v(617): truncated value with size 32 to match size of target (2) File: /home/tonix/Documents/picoRV-32/picosoc/picorv32m.v Line: 617
Warning (10230): Verilog HDL assignment warning at picorv32m.v(799): truncated value with size 6 to match size of target (5) File: /home/tonix/Documents/picoRV-32/picosoc/picorv32m.v Line: 799
Warning (10230): Verilog HDL assignment warning at picorv32m.v(801): truncated value with size 6 to match size of target (5) File: /home/tonix/Documents/picoRV-32/picosoc/picorv32m.v Line: 801
Warning (10230): Verilog HDL assignment warning at picorv32m.v(832): truncated value with size 6 to match size of target (5) File: /home/tonix/Documents/picoRV-32/picosoc/picorv32m.v Line: 832
Warning (10230): Verilog HDL assignment warning at picorv32m.v(834): truncated value with size 6 to match size of target (5) File: /home/tonix/Documents/picoRV-32/picosoc/picorv32m.v Line: 834
Warning (10230): Verilog HDL assignment warning at picorv32m.v(890): truncated value with size 32 to match size of target (6) File: /home/tonix/Documents/picoRV-32/picosoc/picorv32m.v Line: 890
Warning (10230): Verilog HDL assignment warning at picorv32m.v(908): truncated value with size 32 to match size of target (6) File: /home/tonix/Documents/picoRV-32/picosoc/picorv32m.v Line: 908
Warning (10230): Verilog HDL assignment warning at picorv32m.v(912): truncated value with size 32 to match size of target (6) File: /home/tonix/Documents/picoRV-32/picosoc/picorv32m.v Line: 912
Warning (10230): Verilog HDL assignment warning at picorv32m.v(913): truncated value with size 32 to match size of target (6) File: /home/tonix/Documents/picoRV-32/picosoc/picorv32m.v Line: 913
Warning (10230): Verilog HDL assignment warning at picorv32m.v(917): truncated value with size 32 to match size of target (6) File: /home/tonix/Documents/picoRV-32/picosoc/picorv32m.v Line: 917
Warning (10230): Verilog HDL assignment warning at picorv32m.v(918): truncated value with size 32 to match size of target (5) File: /home/tonix/Documents/picoRV-32/picosoc/picorv32m.v Line: 918
Warning (10230): Verilog HDL assignment warning at picorv32m.v(954): truncated value with size 32 to match size of target (6) File: /home/tonix/Documents/picoRV-32/picosoc/picorv32m.v Line: 954
Warning (10230): Verilog HDL assignment warning at picorv32m.v(955): truncated value with size 32 to match size of target (6) File: /home/tonix/Documents/picoRV-32/picosoc/picorv32m.v Line: 955
Warning (10230): Verilog HDL assignment warning at picorv32m.v(956): truncated value with size 6 to match size of target (5) File: /home/tonix/Documents/picoRV-32/picosoc/picorv32m.v Line: 956
Warning (10230): Verilog HDL assignment warning at picorv32m.v(960): truncated value with size 32 to match size of target (6) File: /home/tonix/Documents/picoRV-32/picosoc/picorv32m.v Line: 960
Warning (10230): Verilog HDL assignment warning at picorv32m.v(961): truncated value with size 32 to match size of target (6) File: /home/tonix/Documents/picoRV-32/picosoc/picorv32m.v Line: 961
Warning (10230): Verilog HDL assignment warning at picorv32m.v(965): truncated value with size 32 to match size of target (6) File: /home/tonix/Documents/picoRV-32/picosoc/picorv32m.v Line: 965
Warning (10230): Verilog HDL assignment warning at picorv32m.v(966): truncated value with size 32 to match size of target (6) File: /home/tonix/Documents/picoRV-32/picosoc/picorv32m.v Line: 966
Warning (10230): Verilog HDL assignment warning at picorv32m.v(967): truncated value with size 32 to match size of target (5) File: /home/tonix/Documents/picoRV-32/picosoc/picorv32m.v Line: 967
Warning (10230): Verilog HDL assignment warning at picorv32m.v(975): truncated value with size 32 to match size of target (6) File: /home/tonix/Documents/picoRV-32/picosoc/picorv32m.v Line: 975
Warning (10230): Verilog HDL assignment warning at picorv32m.v(980): truncated value with size 32 to match size of target (6) File: /home/tonix/Documents/picoRV-32/picosoc/picorv32m.v Line: 980
Warning (10230): Verilog HDL assignment warning at picorv32m.v(992): truncated value with size 6 to match size of target (5) File: /home/tonix/Documents/picoRV-32/picosoc/picorv32m.v Line: 992
Warning (10230): Verilog HDL assignment warning at picorv32m.v(1245): truncated value with size 33 to match size of target (32) File: /home/tonix/Documents/picoRV-32/picosoc/picorv32m.v Line: 1245
Warning (10230): Verilog HDL assignment warning at picorv32m.v(1250): truncated value with size 32 to match size of target (1) File: /home/tonix/Documents/picoRV-32/picosoc/picorv32m.v Line: 1250
Warning (10763): Verilog HDL warning at picorv32m.v(1252): case statement has overlapping case item expressions with non-constant or don't care bits - unable to check case statement for completeness File: /home/tonix/Documents/picoRV-32/picosoc/picorv32m.v Line: 1252
Warning (10270): Verilog HDL Case Statement warning at picorv32m.v(1252): incomplete case statement has no default case item File: /home/tonix/Documents/picoRV-32/picosoc/picorv32m.v Line: 1252
Warning (10763): Verilog HDL warning at picorv32m.v(1269): case statement has overlapping case item expressions with non-constant or don't care bits - unable to check case statement for completeness File: /home/tonix/Documents/picoRV-32/picosoc/picorv32m.v Line: 1269
Warning (10270): Verilog HDL Case Statement warning at picorv32m.v(1269): incomplete case statement has no default case item File: /home/tonix/Documents/picoRV-32/picosoc/picorv32m.v Line: 1269
Warning (10763): Verilog HDL warning at picorv32m.v(1315): case statement has overlapping case item expressions with non-constant or don't care bits - unable to check case statement for completeness File: /home/tonix/Documents/picoRV-32/picosoc/picorv32m.v Line: 1315
Warning (10270): Verilog HDL Case Statement warning at picorv32m.v(1315): incomplete case statement has no default case item File: /home/tonix/Documents/picoRV-32/picosoc/picorv32m.v Line: 1315
Warning (10230): Verilog HDL assignment warning at picorv32m.v(1349): truncated value with size 32 to match size of target (6) File: /home/tonix/Documents/picoRV-32/picosoc/picorv32m.v Line: 1349
Warning (10230): Verilog HDL assignment warning at picorv32m.v(1404): truncated value with size 32 to match size of target (5) File: /home/tonix/Documents/picoRV-32/picosoc/picorv32m.v Line: 1404
Warning (10230): Verilog HDL assignment warning at picorv32m.v(1426): truncated value with size 32 to match size of target (4) File: /home/tonix/Documents/picoRV-32/picosoc/picorv32m.v Line: 1426
Warning (10230): Verilog HDL assignment warning at picorv32m.v(1428): truncated value with size 32 to match size of target (4) File: /home/tonix/Documents/picoRV-32/picosoc/picorv32m.v Line: 1428
Warning (10763): Verilog HDL warning at picorv32m.v(1498): case statement has overlapping case item expressions with non-constant or don't care bits - unable to check case statement for completeness File: /home/tonix/Documents/picoRV-32/picosoc/picorv32m.v Line: 1498
Warning (10230): Verilog HDL assignment warning at picorv32m.v(1544): truncated value with size 32 to match size of target (6) File: /home/tonix/Documents/picoRV-32/picosoc/picorv32m.v Line: 1544
Warning (10230): Verilog HDL assignment warning at picorv32m.v(1594): truncated value with size 32 to match size of target (5) File: /home/tonix/Documents/picoRV-32/picosoc/picorv32m.v Line: 1594
Warning (10763): Verilog HDL warning at picorv32m.v(1628): case statement has overlapping case item expressions with non-constant or don't care bits - unable to check case statement for completeness File: /home/tonix/Documents/picoRV-32/picosoc/picorv32m.v Line: 1628
Warning (10230): Verilog HDL assignment warning at picorv32m.v(1663): truncated value with size 32 to match size of target (6) File: /home/tonix/Documents/picoRV-32/picosoc/picorv32m.v Line: 1663
Warning (10230): Verilog HDL assignment warning at picorv32m.v(1731): truncated value with size 32 to match size of target (5) File: /home/tonix/Documents/picoRV-32/picosoc/picorv32m.v Line: 1731
Warning (10230): Verilog HDL assignment warning at picorv32m.v(1761): truncated value with size 32 to match size of target (5) File: /home/tonix/Documents/picoRV-32/picosoc/picorv32m.v Line: 1761
Warning (10763): Verilog HDL warning at picorv32m.v(1837): case statement has overlapping case item expressions with non-constant or don't care bits - unable to check case statement for completeness File: /home/tonix/Documents/picoRV-32/picosoc/picorv32m.v Line: 1837
Warning (10230): Verilog HDL assignment warning at picorv32m.v(1842): truncated value with size 32 to match size of target (5) File: /home/tonix/Documents/picoRV-32/picosoc/picorv32m.v Line: 1842
Warning (10763): Verilog HDL warning at picorv32m.v(1845): case statement has overlapping case item expressions with non-constant or don't care bits - unable to check case statement for completeness File: /home/tonix/Documents/picoRV-32/picosoc/picorv32m.v Line: 1845
Warning (10230): Verilog HDL assignment warning at picorv32m.v(1850): truncated value with size 32 to match size of target (5) File: /home/tonix/Documents/picoRV-32/picosoc/picorv32m.v Line: 1850
Warning (10763): Verilog HDL warning at picorv32m.v(1860): case statement has overlapping case item expressions with non-constant or don't care bits - unable to check case statement for completeness File: /home/tonix/Documents/picoRV-32/picosoc/picorv32m.v Line: 1860
Warning (10763): Verilog HDL warning at picorv32m.v(1885): case statement has overlapping case item expressions with non-constant or don't care bits - unable to check case statement for completeness File: /home/tonix/Documents/picoRV-32/picosoc/picorv32m.v Line: 1885
Warning (10763): Verilog HDL warning at picorv32m.v(1902): case statement has overlapping case item expressions with non-constant or don't care bits - unable to check case statement for completeness File: /home/tonix/Documents/picoRV-32/picosoc/picorv32m.v Line: 1902
Info (12128): Elaborating entity "picorv32_pcpi_fast_mul" for hierarchy "picosoc_AIP:soc|picorv32:cpu|picorv32_pcpi_fast_mul:pcpi_mul" File: /home/tonix/Documents/picoRV-32/picosoc/picorv32m.v Line: 284
Warning (10270): Verilog HDL Case Statement warning at picorv32m.v(2355): incomplete case statement has no default case item File: /home/tonix/Documents/picoRV-32/picosoc/picorv32m.v Line: 2355
Warning (10230): Verilog HDL assignment warning at picorv32m.v(2394): truncated value with size 4 to match size of target (3) File: /home/tonix/Documents/picoRV-32/picosoc/picorv32m.v Line: 2394
Warning (10230): Verilog HDL assignment warning at picorv32m.v(2411): truncated value with size 64 to match size of target (32) File: /home/tonix/Documents/picoRV-32/picosoc/picorv32m.v Line: 2411
Info (12128): Elaborating entity "simpleuart" for hierarchy "picosoc_AIP:soc|simpleuart:simpleuart" File: /home/tonix/Documents/picoRV-32/picosoc/picosoc_AIP.v Line: 187
Warning (10230): Verilog HDL assignment warning at simpleuart.v(99): truncated value with size 32 to match size of target (4) File: /home/tonix/Documents/picoRV-32/picosoc/simpleuart.v Line: 99
Warning (10230): Verilog HDL assignment warning at simpleuart.v(114): truncated value with size 32 to match size of target (10) File: /home/tonix/Documents/picoRV-32/picosoc/simpleuart.v Line: 114
Warning (10230): Verilog HDL assignment warning at simpleuart.v(120): truncated value with size 32 to match size of target (10) File: /home/tonix/Documents/picoRV-32/picosoc/simpleuart.v Line: 120
Warning (10230): Verilog HDL assignment warning at simpleuart.v(132): truncated value with size 32 to match size of target (4) File: /home/tonix/Documents/picoRV-32/picosoc/simpleuart.v Line: 132
Info (12128): Elaborating entity "picosoc_mem" for hierarchy "picosoc_AIP:soc|picosoc_mem:memory" File: /home/tonix/Documents/picoRV-32/picosoc/picosoc_AIP.v Line: 201
Info (12128): Elaborating entity "ID0000200F_aip" for hierarchy "picosoc_AIP:soc|ID0000200F_aip:interface_PICORV32" File: /home/tonix/Documents/picoRV-32/picosoc/picosoc_AIP.v Line: 233
Info (12128): Elaborating entity "ID0000200F_aipModules" for hierarchy "picosoc_AIP:soc|ID0000200F_aip:interface_PICORV32|ID0000200F_aipModules:AIP" File: /home/tonix/Documents/picoRV-32/picosoc/ID0000200F_aip.v Line: 135
Info (12128): Elaborating entity "simple_dual_port_ram_single_clk" for hierarchy "picosoc_AIP:soc|ID0000200F_aip:interface_PICORV32|ID0000200F_aipModules:AIP|simple_dual_port_ram_single_clk:MEMIN[0].MEMIN" File: /home/tonix/Documents/picoRV-32/picosoc/ID0000200F_aip.v Line: 341
Info (12128): Elaborating entity "simple_dual_port_ram_single_clk" for hierarchy "picosoc_AIP:soc|ID0000200F_aip:interface_PICORV32|ID0000200F_aipModules:AIP|simple_dual_port_ram_single_clk:MEMOUT[0].MEMOUT" File: /home/tonix/Documents/picoRV-32/picosoc/ID0000200F_aip.v Line: 411
Info (12128): Elaborating entity "aipConfigurationRegister" for hierarchy "picosoc_AIP:soc|ID0000200F_aip:interface_PICORV32|ID0000200F_aipModules:AIP|aipConfigurationRegister:CONFREG" File: /home/tonix/Documents/picoRV-32/picosoc/ID0000200F_aip.v Line: 434
Info (12128): Elaborating entity "ID0000200F_aipCtrl" for hierarchy "picosoc_AIP:soc|ID0000200F_aip:interface_PICORV32|ID0000200F_aipModules:AIP|ID0000200F_aipCtrl:CNTRL" File: /home/tonix/Documents/picoRV-32/picosoc/ID0000200F_aip.v Line: 485
Info (12128): Elaborating entity "aipParametricMux" for hierarchy "picosoc_AIP:soc|ID0000200F_aip:interface_PICORV32|ID0000200F_aipModules:AIP|aipParametricMux:MUX" File: /home/tonix/Documents/picoRV-32/picosoc/ID0000200F_aip.v Line: 514
Info (12128): Elaborating entity "aipId" for hierarchy "picosoc_AIP:soc|ID0000200F_aip:interface_PICORV32|ID0000200F_aipModules:AIP|aipId:ID" File: /home/tonix/Documents/picoRV-32/picosoc/ID0000200F_aip.v Line: 525
Info (12128): Elaborating entity "aipStatus" for hierarchy "picosoc_AIP:soc|ID0000200F_aip:interface_PICORV32|ID0000200F_aipModules:AIP|aipStatus:STATUS" File: /home/tonix/Documents/picoRV-32/picosoc/ID0000200F_aip.v Line: 538
Info (12128): Elaborating entity "native_aip" for hierarchy "picosoc_AIP:soc|native_aip:CPU_to_aip0" File: /home/tonix/Documents/picoRV-32/picosoc/picosoc_AIP.v Line: 260
Warning (10036): Verilog HDL or VHDL warning at native_aip.v(32): object "reg12" assigned a value but never read File: /home/tonix/Documents/picoRV-32/picosoc/native_aip.v Line: 32
Warning (10036): Verilog HDL or VHDL warning at native_aip.v(34): object "busCtrl_askWrite" assigned a value but never read File: /home/tonix/Documents/picoRV-32/picosoc/native_aip.v Line: 34
Warning (10036): Verilog HDL or VHDL warning at native_aip.v(35): object "busCtrl_askRead" assigned a value but never read File: /home/tonix/Documents/picoRV-32/picosoc/native_aip.v Line: 35
Warning (10230): Verilog HDL assignment warning at native_aip.v(40): truncated value with size 32 to match size of target (5) File: /home/tonix/Documents/picoRV-32/picosoc/native_aip.v Line: 40
Warning (10034): Output port "o_cpu_irq" at native_aip.v(12) has no driver File: /home/tonix/Documents/picoRV-32/picosoc/native_aip.v Line: 12
Info (12128): Elaborating entity "ID00001001_dummy" for hierarchy "picosoc_AIP:soc|ID00001001_dummy:DUMMY0" File: /home/tonix/Documents/picoRV-32/picosoc/picosoc_AIP.v Line: 277
Info (12128): Elaborating entity "ID00001001_aip" for hierarchy "picosoc_AIP:soc|ID00001001_dummy:DUMMY0|ID00001001_aip:INTERFACE" File: /home/tonix/Documents/picoRV-32/mods/00001001/hdl/src/ID00001001_dummy.v Line: 80
Info (12128): Elaborating entity "ID00001001_aipModules" for hierarchy "picosoc_AIP:soc|ID00001001_dummy:DUMMY0|ID00001001_aip:INTERFACE|ID00001001_aipModules:AIP" File: /home/tonix/Documents/picoRV-32/mods/00001001/hdl/src/ID00001001_aip.v Line: 127
Info (12128): Elaborating entity "simple_dual_port_ram_single_clk" for hierarchy "picosoc_AIP:soc|ID00001001_dummy:DUMMY0|ID00001001_aip:INTERFACE|ID00001001_aipModules:AIP|simple_dual_port_ram_single_clk:MEMIN[0].MEMIN" File: /home/tonix/Documents/picoRV-32/mods/00001001/hdl/src/ID00001001_aip.v Line: 331
Info (12128): Elaborating entity "aipConfigurationRegister" for hierarchy "picosoc_AIP:soc|ID00001001_dummy:DUMMY0|ID00001001_aip:INTERFACE|ID00001001_aipModules:AIP|aipConfigurationRegister:CONFREG" File: /home/tonix/Documents/picoRV-32/mods/00001001/hdl/src/ID00001001_aip.v Line: 424
Info (12128): Elaborating entity "ID00001001_aipCtrl" for hierarchy "picosoc_AIP:soc|ID00001001_dummy:DUMMY0|ID00001001_aip:INTERFACE|ID00001001_aipModules:AIP|ID00001001_aipCtrl:CNTRL" File: /home/tonix/Documents/picoRV-32/mods/00001001/hdl/src/ID00001001_aip.v Line: 475
Info (12128): Elaborating entity "aipId" for hierarchy "picosoc_AIP:soc|ID00001001_dummy:DUMMY0|ID00001001_aip:INTERFACE|ID00001001_aipModules:AIP|aipId:ID" File: /home/tonix/Documents/picoRV-32/mods/00001001/hdl/src/ID00001001_aip.v Line: 515
Info (12128): Elaborating entity "ID00001001_dummyCore" for hierarchy "picosoc_AIP:soc|ID00001001_dummy:DUMMY0|ID00001001_dummyCore:CORE" File: /home/tonix/Documents/picoRV-32/mods/00001001/hdl/src/ID00001001_dummy.v Line: 107
Info (12128): Elaborating entity "ID00001001_dummyCtrl" for hierarchy "picosoc_AIP:soc|ID00001001_dummy:DUMMY0|ID00001001_dummyCore:CORE|ID00001001_dummyCtrl:CNTRL" File: /home/tonix/Documents/picoRV-32/mods/00001001/hdl/src/ID00001001_dummyCore.v Line: 84
Warning (12011): Net is missing source, defaulting to GND
    Warning (12110): Net "picosoc_AIP:soc|iPINTstatus0[15]" is missing source, defaulting to GND File: /home/tonix/Documents/picoRV-32/picosoc/picosoc_AIP.v Line: 102
    Warning (12110): Net "picosoc_AIP:soc|iPINTstatus0[14]" is missing source, defaulting to GND File: /home/tonix/Documents/picoRV-32/picosoc/picosoc_AIP.v Line: 102
    Warning (12110): Net "picosoc_AIP:soc|iPINTstatus0[13]" is missing source, defaulting to GND File: /home/tonix/Documents/picoRV-32/picosoc/picosoc_AIP.v Line: 102
    Warning (12110): Net "picosoc_AIP:soc|iPINTstatus0[12]" is missing source, defaulting to GND File: /home/tonix/Documents/picoRV-32/picosoc/picosoc_AIP.v Line: 102
    Warning (12110): Net "picosoc_AIP:soc|iPINTstatus0[11]" is missing source, defaulting to GND File: /home/tonix/Documents/picoRV-32/picosoc/picosoc_AIP.v Line: 102
    Warning (12110): Net "picosoc_AIP:soc|iPINTstatus0[10]" is missing source, defaulting to GND File: /home/tonix/Documents/picoRV-32/picosoc/picosoc_AIP.v Line: 102
    Warning (12110): Net "picosoc_AIP:soc|iPINTstatus0[9]" is missing source, defaulting to GND File: /home/tonix/Documents/picoRV-32/picosoc/picosoc_AIP.v Line: 102
    Warning (12110): Net "picosoc_AIP:soc|iPINTstatus0[8]" is missing source, defaulting to GND File: /home/tonix/Documents/picoRV-32/picosoc/picosoc_AIP.v Line: 102
    Warning (12110): Net "picosoc_AIP:soc|iPINTstatus0[7]" is missing source, defaulting to GND File: /home/tonix/Documents/picoRV-32/picosoc/picosoc_AIP.v Line: 102
    Warning (12110): Net "picosoc_AIP:soc|iPINTstatus0[6]" is missing source, defaulting to GND File: /home/tonix/Documents/picoRV-32/picosoc/picosoc_AIP.v Line: 102
    Warning (12110): Net "picosoc_AIP:soc|iPINTstatus0[5]" is missing source, defaulting to GND File: /home/tonix/Documents/picoRV-32/picosoc/picosoc_AIP.v Line: 102
    Warning (12110): Net "picosoc_AIP:soc|iPINTstatus0[4]" is missing source, defaulting to GND File: /home/tonix/Documents/picoRV-32/picosoc/picosoc_AIP.v Line: 102
    Warning (12110): Net "picosoc_AIP:soc|iPINTstatus0[3]" is missing source, defaulting to GND File: /home/tonix/Documents/picoRV-32/picosoc/picosoc_AIP.v Line: 102
    Warning (12110): Net "picosoc_AIP:soc|iPINTstatus0[2]" is missing source, defaulting to GND File: /home/tonix/Documents/picoRV-32/picosoc/picosoc_AIP.v Line: 102
    Warning (12110): Net "picosoc_AIP:soc|iPINTstatus0[1]" is missing source, defaulting to GND File: /home/tonix/Documents/picoRV-32/picosoc/picosoc_AIP.v Line: 102
Warning (276020): Inferred RAM node "picosoc_AIP:soc|picorv32:cpu|cpuregs_rtl_0" from synchronous design logic.  Pass-through logic has been added to match the read-during-write behavior of the original design.
Warning (276020): Inferred RAM node "picosoc_AIP:soc|picorv32:cpu|cpuregs_rtl_1" from synchronous design logic.  Pass-through logic has been added to match the read-during-write behavior of the original design.
Warning (276020): Inferred RAM node "picosoc_AIP:soc|ID00001001_dummy:DUMMY0|ID00001001_aip:INTERFACE|ID00001001_aipModules:AIP|simple_dual_port_ram_single_clk:MEMOUT[0].MEMOUT|RAM_Structure_rtl_0" from synchronous design logic.  Pass-through logic has been added to match the read-during-write behavior of the original design.
Warning (276020): Inferred RAM node "picosoc_AIP:soc|ID0000200F_aip:interface_PICORV32|ID0000200F_aipModules:AIP|simple_dual_port_ram_single_clk:MEMIN[0].MEMIN|RAM_Structure_rtl_0" from synchronous design logic.  Pass-through logic has been added to match the read-during-write behavior of the original design.
Warning (276020): Inferred RAM node "picosoc_AIP:soc|ID00001001_dummy:DUMMY0|ID00001001_aip:INTERFACE|ID00001001_aipModules:AIP|simple_dual_port_ram_single_clk:MEMIN[0].MEMIN|RAM_Structure_rtl_0" from synchronous design logic.  Pass-through logic has been added to match the read-during-write behavior of the original design.
Info (19000): Inferred 5 megafunctions from design logic
    Info (276029): Inferred altsyncram megafunction from the following design logic: "picosoc_AIP:soc|picorv32:cpu|cpuregs_rtl_0" 
        Info (286033): Parameter OPERATION_MODE set to DUAL_PORT
        Info (286033): Parameter WIDTH_A set to 32
        Info (286033): Parameter WIDTHAD_A set to 6
        Info (286033): Parameter NUMWORDS_A set to 36
        Info (286033): Parameter WIDTH_B set to 32
        Info (286033): Parameter WIDTHAD_B set to 6
        Info (286033): Parameter NUMWORDS_B set to 36
        Info (286033): Parameter ADDRESS_ACLR_A set to NONE
        Info (286033): Parameter OUTDATA_REG_B set to UNREGISTERED
        Info (286033): Parameter ADDRESS_ACLR_B set to NONE
        Info (286033): Parameter OUTDATA_ACLR_B set to NONE
        Info (286033): Parameter ADDRESS_REG_B set to CLOCK0
        Info (286033): Parameter INDATA_ACLR_A set to NONE
        Info (286033): Parameter WRCONTROL_ACLR_A set to NONE
    Info (276029): Inferred altsyncram megafunction from the following design logic: "picosoc_AIP:soc|picorv32:cpu|cpuregs_rtl_1" 
        Info (286033): Parameter OPERATION_MODE set to DUAL_PORT
        Info (286033): Parameter WIDTH_A set to 32
        Info (286033): Parameter WIDTHAD_A set to 6
        Info (286033): Parameter NUMWORDS_A set to 36
        Info (286033): Parameter WIDTH_B set to 32
        Info (286033): Parameter WIDTHAD_B set to 6
        Info (286033): Parameter NUMWORDS_B set to 36
        Info (286033): Parameter ADDRESS_ACLR_A set to NONE
        Info (286033): Parameter OUTDATA_REG_B set to UNREGISTERED
        Info (286033): Parameter ADDRESS_ACLR_B set to NONE
        Info (286033): Parameter OUTDATA_ACLR_B set to NONE
        Info (286033): Parameter ADDRESS_REG_B set to CLOCK0
        Info (286033): Parameter INDATA_ACLR_A set to NONE
        Info (286033): Parameter WRCONTROL_ACLR_A set to NONE
    Info (276029): Inferred altsyncram megafunction from the following design logic: "picosoc_AIP:soc|ID00001001_dummy:DUMMY0|ID00001001_aip:INTERFACE|ID00001001_aipModules:AIP|simple_dual_port_ram_single_clk:MEMOUT[0].MEMOUT|RAM_Structure_rtl_0" 
        Info (286033): Parameter OPERATION_MODE set to DUAL_PORT
        Info (286033): Parameter WIDTH_A set to 32
        Info (286033): Parameter WIDTHAD_A set to 6
        Info (286033): Parameter NUMWORDS_A set to 64
        Info (286033): Parameter WIDTH_B set to 32
        Info (286033): Parameter WIDTHAD_B set to 6
        Info (286033): Parameter NUMWORDS_B set to 64
        Info (286033): Parameter ADDRESS_ACLR_A set to NONE
        Info (286033): Parameter OUTDATA_REG_B set to UNREGISTERED
        Info (286033): Parameter ADDRESS_ACLR_B set to NONE
        Info (286033): Parameter OUTDATA_ACLR_B set to NONE
        Info (286033): Parameter ADDRESS_REG_B set to CLOCK0
        Info (286033): Parameter INDATA_ACLR_A set to NONE
        Info (286033): Parameter WRCONTROL_ACLR_A set to NONE
    Info (276029): Inferred altsyncram megafunction from the following design logic: "picosoc_AIP:soc|ID0000200F_aip:interface_PICORV32|ID0000200F_aipModules:AIP|simple_dual_port_ram_single_clk:MEMIN[0].MEMIN|RAM_Structure_rtl_0" 
        Info (286033): Parameter OPERATION_MODE set to DUAL_PORT
        Info (286033): Parameter WIDTH_A set to 32
        Info (286033): Parameter WIDTHAD_A set to 11
        Info (286033): Parameter NUMWORDS_A set to 2048
        Info (286033): Parameter WIDTH_B set to 32
        Info (286033): Parameter WIDTHAD_B set to 11
        Info (286033): Parameter NUMWORDS_B set to 2048
        Info (286033): Parameter ADDRESS_ACLR_A set to NONE
        Info (286033): Parameter OUTDATA_REG_B set to UNREGISTERED
        Info (286033): Parameter ADDRESS_ACLR_B set to NONE
        Info (286033): Parameter OUTDATA_ACLR_B set to NONE
        Info (286033): Parameter ADDRESS_REG_B set to CLOCK0
        Info (286033): Parameter INDATA_ACLR_A set to NONE
        Info (286033): Parameter WRCONTROL_ACLR_A set to NONE
    Info (276029): Inferred altsyncram megafunction from the following design logic: "picosoc_AIP:soc|ID00001001_dummy:DUMMY0|ID00001001_aip:INTERFACE|ID00001001_aipModules:AIP|simple_dual_port_ram_single_clk:MEMIN[0].MEMIN|RAM_Structure_rtl_0" 
        Info (286033): Parameter OPERATION_MODE set to DUAL_PORT
        Info (286033): Parameter WIDTH_A set to 32
        Info (286033): Parameter WIDTHAD_A set to 6
        Info (286033): Parameter NUMWORDS_A set to 64
        Info (286033): Parameter WIDTH_B set to 32
        Info (286033): Parameter WIDTHAD_B set to 6
        Info (286033): Parameter NUMWORDS_B set to 64
        Info (286033): Parameter ADDRESS_ACLR_A set to NONE
        Info (286033): Parameter OUTDATA_REG_B set to UNREGISTERED
        Info (286033): Parameter ADDRESS_ACLR_B set to NONE
        Info (286033): Parameter OUTDATA_ACLR_B set to NONE
        Info (286033): Parameter ADDRESS_REG_B set to CLOCK0
        Info (286033): Parameter INDATA_ACLR_A set to NONE
        Info (286033): Parameter WRCONTROL_ACLR_A set to NONE
Info (278001): Inferred 1 megafunctions from design logic
    Info (278003): Inferred multiplier megafunction ("lpm_mult") from the following logic: "picosoc_AIP:soc|picorv32:cpu|picorv32_pcpi_fast_mul:pcpi_mul|Mult0" File: /home/tonix/Documents/picoRV-32/picosoc/picorv32m.v Line: 2371
Info (12130): Elaborated megafunction instantiation "picosoc_AIP:soc|picorv32:cpu|altsyncram:cpuregs_rtl_0"
Info (12133): Instantiated megafunction "picosoc_AIP:soc|picorv32:cpu|altsyncram:cpuregs_rtl_0" with the following parameter:
    Info (12134): Parameter "OPERATION_MODE" = "DUAL_PORT"
    Info (12134): Parameter "WIDTH_A" = "32"
    Info (12134): Parameter "WIDTHAD_A" = "6"
    Info (12134): Parameter "NUMWORDS_A" = "36"
    Info (12134): Parameter "WIDTH_B" = "32"
    Info (12134): Parameter "WIDTHAD_B" = "6"
    Info (12134): Parameter "NUMWORDS_B" = "36"
    Info (12134): Parameter "ADDRESS_ACLR_A" = "NONE"
    Info (12134): Parameter "OUTDATA_REG_B" = "UNREGISTERED"
    Info (12134): Parameter "ADDRESS_ACLR_B" = "NONE"
    Info (12134): Parameter "OUTDATA_ACLR_B" = "NONE"
    Info (12134): Parameter "ADDRESS_REG_B" = "CLOCK0"
    Info (12134): Parameter "INDATA_ACLR_A" = "NONE"
    Info (12134): Parameter "WRCONTROL_ACLR_A" = "NONE"
Info (12021): Found 1 design units, including 1 entities, in source file db/altsyncram_t6d1.tdf
    Info (12023): Found entity 1: altsyncram_t6d1 File: /home/tonix/Documents/picoRV-32/picosoc_AIP/db/altsyncram_t6d1.tdf Line: 28
Info (12130): Elaborated megafunction instantiation "picosoc_AIP:soc|picorv32:cpu|altsyncram:cpuregs_rtl_1"
Info (12133): Instantiated megafunction "picosoc_AIP:soc|picorv32:cpu|altsyncram:cpuregs_rtl_1" with the following parameter:
    Info (12134): Parameter "OPERATION_MODE" = "DUAL_PORT"
    Info (12134): Parameter "WIDTH_A" = "32"
    Info (12134): Parameter "WIDTHAD_A" = "6"
    Info (12134): Parameter "NUMWORDS_A" = "36"
    Info (12134): Parameter "WIDTH_B" = "32"
    Info (12134): Parameter "WIDTHAD_B" = "6"
    Info (12134): Parameter "NUMWORDS_B" = "36"
    Info (12134): Parameter "ADDRESS_ACLR_A" = "NONE"
    Info (12134): Parameter "OUTDATA_REG_B" = "UNREGISTERED"
    Info (12134): Parameter "ADDRESS_ACLR_B" = "NONE"
    Info (12134): Parameter "OUTDATA_ACLR_B" = "NONE"
    Info (12134): Parameter "ADDRESS_REG_B" = "CLOCK0"
    Info (12134): Parameter "INDATA_ACLR_A" = "NONE"
    Info (12134): Parameter "WRCONTROL_ACLR_A" = "NONE"
Info (12130): Elaborated megafunction instantiation "picosoc_AIP:soc|ID00001001_dummy:DUMMY0|ID00001001_aip:INTERFACE|ID00001001_aipModules:AIP|simple_dual_port_ram_single_clk:MEMOUT[0].MEMOUT|altsyncram:RAM_Structure_rtl_0"
Info (12133): Instantiated megafunction "picosoc_AIP:soc|ID00001001_dummy:DUMMY0|ID00001001_aip:INTERFACE|ID00001001_aipModules:AIP|simple_dual_port_ram_single_clk:MEMOUT[0].MEMOUT|altsyncram:RAM_Structure_rtl_0" with the following parameter:
    Info (12134): Parameter "OPERATION_MODE" = "DUAL_PORT"
    Info (12134): Parameter "WIDTH_A" = "32"
    Info (12134): Parameter "WIDTHAD_A" = "6"
    Info (12134): Parameter "NUMWORDS_A" = "64"
    Info (12134): Parameter "WIDTH_B" = "32"
    Info (12134): Parameter "WIDTHAD_B" = "6"
    Info (12134): Parameter "NUMWORDS_B" = "64"
    Info (12134): Parameter "ADDRESS_ACLR_A" = "NONE"
    Info (12134): Parameter "OUTDATA_REG_B" = "UNREGISTERED"
    Info (12134): Parameter "ADDRESS_ACLR_B" = "NONE"
    Info (12134): Parameter "OUTDATA_ACLR_B" = "NONE"
    Info (12134): Parameter "ADDRESS_REG_B" = "CLOCK0"
    Info (12134): Parameter "INDATA_ACLR_A" = "NONE"
    Info (12134): Parameter "WRCONTROL_ACLR_A" = "NONE"
Info (12021): Found 1 design units, including 1 entities, in source file db/altsyncram_onb1.tdf
    Info (12023): Found entity 1: altsyncram_onb1 File: /home/tonix/Documents/picoRV-32/picosoc_AIP/db/altsyncram_onb1.tdf Line: 28
Info (12130): Elaborated megafunction instantiation "picosoc_AIP:soc|ID0000200F_aip:interface_PICORV32|ID0000200F_aipModules:AIP|simple_dual_port_ram_single_clk:MEMIN[0].MEMIN|altsyncram:RAM_Structure_rtl_0"
Info (12133): Instantiated megafunction "picosoc_AIP:soc|ID0000200F_aip:interface_PICORV32|ID0000200F_aipModules:AIP|simple_dual_port_ram_single_clk:MEMIN[0].MEMIN|altsyncram:RAM_Structure_rtl_0" with the following parameter:
    Info (12134): Parameter "OPERATION_MODE" = "DUAL_PORT"
    Info (12134): Parameter "WIDTH_A" = "32"
    Info (12134): Parameter "WIDTHAD_A" = "11"
    Info (12134): Parameter "NUMWORDS_A" = "2048"
    Info (12134): Parameter "WIDTH_B" = "32"
    Info (12134): Parameter "WIDTHAD_B" = "11"
    Info (12134): Parameter "NUMWORDS_B" = "2048"
    Info (12134): Parameter "ADDRESS_ACLR_A" = "NONE"
    Info (12134): Parameter "OUTDATA_REG_B" = "UNREGISTERED"
    Info (12134): Parameter "ADDRESS_ACLR_B" = "NONE"
    Info (12134): Parameter "OUTDATA_ACLR_B" = "NONE"
    Info (12134): Parameter "ADDRESS_REG_B" = "CLOCK0"
    Info (12134): Parameter "INDATA_ACLR_A" = "NONE"
    Info (12134): Parameter "WRCONTROL_ACLR_A" = "NONE"
Info (12021): Found 1 design units, including 1 entities, in source file db/altsyncram_vfd1.tdf
    Info (12023): Found entity 1: altsyncram_vfd1 File: /home/tonix/Documents/picoRV-32/picosoc_AIP/db/altsyncram_vfd1.tdf Line: 28
Info (12130): Elaborated megafunction instantiation "picosoc_AIP:soc|picorv32:cpu|picorv32_pcpi_fast_mul:pcpi_mul|lpm_mult:Mult0" File: /home/tonix/Documents/picoRV-32/picosoc/picorv32m.v Line: 2371
Info (12133): Instantiated megafunction "picosoc_AIP:soc|picorv32:cpu|picorv32_pcpi_fast_mul:pcpi_mul|lpm_mult:Mult0" with the following parameter: File: /home/tonix/Documents/picoRV-32/picosoc/picorv32m.v Line: 2371
    Info (12134): Parameter "LPM_WIDTHA" = "33"
    Info (12134): Parameter "LPM_WIDTHB" = "33"
    Info (12134): Parameter "LPM_WIDTHP" = "66"
    Info (12134): Parameter "LPM_WIDTHR" = "66"
    Info (12134): Parameter "LPM_WIDTHS" = "1"
    Info (12134): Parameter "LPM_REPRESENTATION" = "SIGNED"
    Info (12134): Parameter "INPUT_A_IS_CONSTANT" = "NO"
    Info (12134): Parameter "INPUT_B_IS_CONSTANT" = "NO"
    Info (12134): Parameter "MAXIMIZE_SPEED" = "5"
Info (12021): Found 1 design units, including 1 entities, in source file db/mult_ugs.tdf
    Info (12023): Found entity 1: mult_ugs File: /home/tonix/Documents/picoRV-32/picosoc_AIP/db/mult_ugs.tdf Line: 31
Warning (12241): 3 hierarchies have connectivity warnings - see the Connectivity Checks report folder
Info (13014): Ignored 204 buffer(s)
    Info (13019): Ignored 204 SOFT buffer(s)
Warning (13024): Output pins are stuck at VCC or GND
    Warning (13410): Pin "intMCU" is stuck at GND File: /home/tonix/Documents/picoRV-32/picosoc/DE10_SOC.v Line: 46
Info (286030): Timing-Driven Synthesis is running
Info (17049): 46 registers lost all their fanouts during netlist optimizations.
Info (144001): Generated suppressed messages file /home/tonix/Documents/picoRV-32/picosoc_AIP/output_files/picorv32_quartus.map.smsg
Info (16010): Generating hard_block partition "hard_block:auto_generated_inst"
    Info (16011): Adding 0 node(s), including 0 DDIO, 0 PLL, 0 transceiver and 0 LCELL
Warning (21074): Design contains 1 input pin(s) that do not drive logic
    Warning (15610): No output dependent on input pin "ena" File: /home/tonix/Documents/picoRV-32/picosoc/DE10_SOC.v Line: 10
Info (21057): Implemented 62974 device resources after synthesis - the final resource count might be different
    Info (21058): Implemented 11 input pins
    Info (21059): Implemented 9 output pins
    Info (21060): Implemented 8 bidirectional pins
    Info (21061): Implemented 62778 logic cells
    Info (21064): Implemented 160 RAM segments
    Info (21062): Implemented 8 DSP elements
Info: Quartus Prime Analysis & Synthesis was successful. 0 errors, 108 warnings
    Info: Peak virtual memory: 725 megabytes
    Info: Processing ended: Mon May 26 23:19:59 2025
    Info: Elapsed time: 00:02:25
    Info: Total CPU time (on all processors): 00:02:38


+------------------------------------------+
; Analysis & Synthesis Suppressed Messages ;
+------------------------------------------+
The suppressed messages can be found in /home/tonix/Documents/picoRV-32/picosoc_AIP/output_files/picorv32_quartus.map.smsg.


